-8.255690, -9.384210, -6.269622
-7.961977, -9.169286, -6.261222
-7.889708, -9.362739, -6.248995
-7.708579, -9.482270, -6.242080
-7.698834, -9.737712, -6.248019
-7.698799, -9.819625, -6.264712
-7.782682, -9.572584, -6.245612
-7.247336, -9.796625, -6.265337
-8.102319, -9.340639, -6.278034
-7.979512, -8.999051, -6.254464
-8.095627, -8.564847, -6.270553
-7.933506, -8.345180, -6.259556
-7.830048, -9.714585, -6.289590
-7.188786, -9.769875, -6.270697
-7.157349, -7.627842, -6.242006
-8.041961, -8.414645, -6.261515
-7.948067, -8.290997, -6.276428
-7.892941, -8.141618, -6.243088
-7.805932, -8.299770, -6.248864
-7.883955, -8.261608, -6.251237
-7.015866, -7.585712, -6.267599
-7.502866, -7.755517, -6.267217
-7.290381, -7.551029, -6.259838
-7.809813, -7.809274, -6.248372
-7.520153, -9.802652, -6.270797
-6.486918, -9.337501, -6.289457
-7.348768, -9.866895, -6.260919
-7.051614, -9.703772, -6.267656
-7.324804, -9.767013, -6.293999
-6.299924, -9.190208, -6.237350
-6.472214, -9.248303, -6.259864
-6.666914, -9.448422, -6.275676
-6.321255, -9.238014, -6.263727
-7.046169, -9.760230, -6.247499
-6.053916, -8.140513, -6.263448
-6.029795, -8.586089, -6.282562
-6.200998, -8.991138, -6.254518
-6.119345, -8.797827, -6.261510
-6.159951, -8.016911, -6.288975
-6.365463, -7.767537, -6.243368
-6.728088, -7.526873, -6.260902
-6.689197, -7.689557, -6.267197
-6.772079, -7.612308, -6.291345
-6.763736, -7.699868, -6.269802
-6.176400, -7.835586, -6.256983
-6.321535, -7.826505, -6.266792
-6.424656, -7.709420, -6.273279
-6.221886, -8.100161, -6.273250
-6.021283, -9.099612, -6.298994
-6.113970, -8.846149, -6.241214
-5.942976, -9.074040, -6.262581
-6.078773, -9.086526, -6.263427
-5.886639, -9.087440, -6.278853
-5.983356, -8.935186, -6.259525
-5.951195, -8.978244, -6.292185
-5.938745, -8.973891, -6.263445
-6.130719, -9.076992, -6.285304
-6.388783, -9.117305, -6.285251
-6.033439, -8.361891, -6.276889
-5.941515, -8.188654, -6.260177
-5.937966, -8.710490, -6.274312
-5.931148, -8.768670, -6.269823
-5.921432, -8.290439, -6.264354
-5.923707, -8.409992, -6.248455
-5.884686, -7.849780, -6.294747
-6.078344, -8.053197, -6.242322
-6.105276, -7.891391, -6.288151
-6.063672, -8.100514, -6.251836
-5.773084, -7.804109, -6.271136
-5.965455, -8.056816, -6.238736
-5.651984, -7.669997, -6.276578
-5.987002, -7.908023, -6.255091
-7.987712, -9.272388, -6.274684
-7.998935, -9.266942, -6.258426
-8.471280, -9.457898, -6.264356
-8.025194, -9.295438, -6.254096
-7.787984, -9.350859, -6.273306
-8.005418, -9.249863, -6.246246
-7.653933, -9.764143, -6.251076
-7.495530, -9.733829, -6.284789
-8.487225, -9.411584, -6.256726
-8.016307, -9.256364, -6.255347
-7.933860, -8.489369, -6.271432
-7.945238, -8.566117, -6.266797
-8.090308, -9.080885, -6.233594
-7.831089, -9.490796, -6.241241
-8.080183, -8.351375, -6.254210
-7.178075, -7.660758, -6.276341
-8.024629, -8.535364, -6.281733
-7.783297, -7.959911, -6.240641
-7.905065, -8.354337, -6.260798
-7.966882, -8.395362, -6.247537
-7.234358, -7.708696, -6.241633
-7.605319, -7.810774, -6.259580
-7.891009, -8.317701, -6.258768
-7.825248, -7.948980, -6.272908
-7.526812, -9.895168, -6.264509
-6.896556, -9.625503, -6.295269
-7.256182, -9.888369, -6.262578
-7.185584, -9.839431, -6.254128
-7.392725, -9.977866, -6.265197
-6.200268, -8.928664, -6.276768
-7.202921, -9.750168, -6.274848
-6.756240, -9.602695, -6.269510
-7.142838, -9.719362, -6.270362
-6.093882, -8.906060, -6.242292
-6.167734, -8.257140, -6.268306
-6.127052, -8.393960, -6.253188
-6.085993, -8.808540, -6.270027
-6.124221, -8.774790, -6.275922
-6.195485, -8.376320, -6.272888
-6.069665, -8.218072, -6.240136
-6.816936, -7.573102, -6.258435
-6.703803, -7.700811, -6.282185
-6.601604, -7.615690, -6.276346
-6.449479, -7.784130, -6.259079
-6.297479, -7.817285, -6.267411
-6.233045, -7.943853, -6.273550
-6.201670, -7.770791, -6.286628
-6.222466, -8.014454, -6.274101
-6.144135, -9.112117, -6.267493
-5.965257, -8.969364, -6.229980
-6.193630, -9.104944, -6.271988
-6.115042, -9.050400, -6.259764
-5.662653, -9.674008, -6.261452
-5.872584, -8.989164, -6.267570
-5.955543, -8.358286, -6.262269
-5.919477, -9.001189, -6.278878
-6.008725, -8.118720, -6.271663
-6.010122, -8.774167, -6.296309
-5.965310, -7.925751, -6.263730
-5.988804, -8.429962, -6.284259
-6.011054, -8.533256, -6.266991
-6.132983, -9.032837, -6.267120
-6.117849, -8.103085, -6.284058
-5.905632, -8.268866, -6.259551
-5.834414, -7.803805, -6.256892
-5.962018, -7.921965, -6.237459
-6.140504, -7.731095, -6.266250
-6.044714, -8.017118, -6.258638
-5.961363, -7.807871, -6.294282
-5.680834, -7.710886, -6.293716
-5.805613, -7.781106, -6.247616
-6.028084, -7.987302, -6.289026
-8.057057, -9.013170, -6.233315
-8.030629, -9.148169, -6.272381
-7.773901, -9.552288, -6.241956
-7.968598, -9.257360, -6.276186
-8.084078, -8.971201, -6.252425
-8.054120, -8.581383, -6.277512
-7.967976, -9.295068, -6.288221
-7.632010, -9.658371, -6.240948
-7.918687, -9.348296, -6.282969
-7.688649, -9.707306, -6.244326
-7.833637, -7.982506, -6.274247
-7.459919, -7.759846, -6.268245
-8.105512, -9.009915, -6.264438
-7.692244, -9.542699, -6.263590
-7.958014, -8.492204, -6.265238
-8.269130, -8.711392, -6.290714
-7.570123, -7.729841, -6.272034
-7.701313, -7.789207, -6.248101
-7.967339, -8.218400, -6.230062
-8.009414, -8.409297, -6.256773
-7.858694, -8.029032, -6.272993
-7.935127, -8.183008, -6.255905
-7.874125, -8.081307, -6.256668
-8.012447, -8.767167, -6.274989
-6.979341, -9.741508, -6.236172
-6.204802, -8.845911, -6.250369
-7.329806, -9.732753, -6.243084
-7.369240, -9.720922, -6.281133
-6.204864, -8.986139, -6.239875
-6.089292, -8.546550, -6.257578
-6.716944, -9.440224, -6.275172
-6.670819, -9.431872, -6.275986
-6.871970, -9.217884, -6.202346
-6.771445, -9.225304, -6.223925
-6.387916, -7.943257, -6.246747
-6.307378, -8.640061, -6.248913
-6.365574, -9.171462, -6.292551
-6.981285, -9.674589, -6.237192
-6.508554, -7.876965, -6.250505
-6.741508, -7.814410, -6.284074
-7.550895, -7.723353, -6.278287
-6.802220, -7.780622, -6.272491
-7.869048, -8.059772, -6.279335
-8.254455, -9.089281, -6.252086
-6.705143, -7.722169, -6.228627
-6.377652, -8.013474, -6.236680
-6.371305, -7.954248, -6.268391
-6.126020, -8.743831, -6.281228
-6.244110, -8.842736, -6.272001
-6.347692, -9.061839, -6.288956
-6.374514, -9.210237, -6.243983
-6.675529, -9.466653, -6.278211
-6.047394, -8.767365, -6.262327
-6.256339, -9.059401, -6.247253
-6.404083, -9.180519, -6.244551
-6.383592, -9.071799, -6.281852
-6.501783, -9.312092, -6.252832
-6.223159, -8.775015, -6.279480
-6.340749, -8.135598, -6.258010
-6.274500, -8.130353, -6.250690
-6.207250, -8.667189, -6.280464
-6.232093, -8.770141, -6.282239
-6.254997, -8.433262, -6.237586
-6.263215, -8.311126, -6.240242
-6.369463, -8.002796, -6.284482
-6.274948, -8.053033, -6.265493
-6.271782, -8.196274, -6.280412
-6.080116, -8.697996, -6.256129
-6.160089, -8.358975, -6.227309
-6.269143, -7.994169, -6.256334
-6.180655, -8.145615, -6.286755
-6.168449, -8.388211, -6.257586
-7.606984, -9.706555, -6.225935
-7.066684, -9.611677, -6.235619
-7.513364, -9.614374, -6.285741
-7.420722, -9.631631, -6.285102
-8.178416, -8.719416, -6.215385
-8.162567, -8.613490, -6.255088
-7.495066, -9.652258, -6.260491
-7.458374, -9.662537, -6.274902
-7.217001, -9.669378, -6.243096
-7.387953, -9.675850, -6.274904
-6.922818, -7.797380, -6.286660
-7.092443, -7.761124, -6.259898
-8.429591, -9.068549, -6.178989
-7.463104, -9.632458, -6.274816
-7.369067, -7.727738, -6.243280
-7.462769, -7.644046, -6.290713
-7.143405, -7.737248, -6.234773
-7.012418, -7.735762, -6.243689
-6.609156, -8.023584, -6.232701
-8.235579, -8.991145, -6.215194
-7.535325, -7.659603, -6.256070
-7.441182, -7.668975, -6.286494
-8.037158, -8.196157, -6.278098
-8.194460, -8.377329, -6.230567
-6.375635, -8.770096, -6.228756
-7.798877, -7.744364, -6.172419
-7.744565, -9.560194, -6.281181
-7.347451, -9.589716, -6.288154
-6.364428, -9.045962, -6.251928
-6.389844, -8.423341, -6.290421
-6.567957, -9.316497, -6.263994
-6.593819, -9.152280, -6.242413
-7.199027, -9.637012, -6.228306
-6.566095, -9.149744, -6.288314
-7.093317, -7.712246, -6.243209
-7.184532, -7.711875, -6.290071
-6.860835, -9.597135, -6.266135
-6.417063, -8.857409, -6.267310
-6.450717, -8.353168, -6.261766
-6.958025, -7.723804, -6.261093
-6.986857, -7.789120, -6.263452
-7.087643, -7.795842, -6.274476
-8.167431, -8.778427, -6.258913
-8.339088, -9.008464, -6.187721
-6.661608, -7.803542, -6.267413
-6.758809, -7.750998, -6.255018
-6.623690, -9.268285, -6.233624
-6.484101, -9.000010, -6.229599
-6.178202, -8.586743, -6.266589
-6.280521, -8.467528, -6.265884
-6.508724, -9.335361, -6.284645
-6.828671, -9.527716, -6.280746
-6.187068, -8.646224, -6.284858
-6.337422, -8.876373, -6.263106
-6.410536, -9.187947, -6.265855
-6.836988, -9.622811, -6.272339
-6.171878, -8.759032, -6.270719
-6.627238, -9.459533, -6.285007
-6.281546, -8.501184, -6.269147
-6.350524, -8.465694, -6.277558
-6.201939, -8.904466, -6.258541
-6.717175, -9.399515, -6.275686
-6.365802, -8.220446, -6.274111
-6.573603, -7.868001, -6.270704
-6.378667, -8.022793, -6.249461
-6.535118, -7.909348, -6.289422
-6.314445, -8.203761, -6.248758
-6.243422, -8.502218, -6.258048
-6.462314, -7.966764, -6.250930
-6.583120, -7.874005, -6.285421
-6.356336, -8.368189, -6.268713
-6.342848, -8.423613, -6.292880
-6.479811, -8.342540, -6.274898
-6.391755, -8.851348, -6.259095
-7.025217, -9.535102, -6.244689
-7.128977, -9.558830, -6.249806
-6.503953, -8.942273, -6.274258
-7.047373, -7.717968, -6.280300
-7.090221, -9.543928, -6.234422
-7.223672, -9.560223, -6.246899
-6.846180, -9.362434, -6.249227
-7.121164, -9.503893, -6.248801
-6.675510, -7.921727, -6.266770
-6.542587, -8.202018, -6.282898
-7.223101, -9.570110, -6.243673
-7.223369, -9.561950, -6.240273
-6.950813, -7.853886, -6.243388
-6.865296, -8.351872, -6.165356
-6.757696, -7.888908, -6.256808
-6.706201, -7.904817, -6.258875
-6.426463, -8.270375, -6.267880
-6.562982, -8.114303, -6.265811
-6.988949, -7.787828, -6.260663
-6.966445, -7.794476, -6.264998
-6.678376, -7.943236, -6.266701
-6.832114, -7.852449, -6.289116
-7.017426, -9.522176, -6.271517
-6.521727, -8.187399, -6.272725
-6.712307, -9.276313, -6.256197
-7.196947, -9.559716, -6.247740
-6.337820, -8.528714, -6.259465
-6.441693, -8.781488, -6.236113
-6.794933, -9.429743, -6.262069
-6.577807, -9.214385, -6.248465
-6.609971, -9.118694, -6.253682
-6.654914, -8.832476, -6.222901
-6.483996, -8.333948, -6.274507
-6.725780, -7.908129, -6.270903
-6.359849, -8.678699, -6.258657
-6.421627, -8.825604, -6.253609
-6.584822, -7.970620, -6.256435
-6.472891, -8.165150, -6.270113
-6.968602, -7.793849, -6.264904
-6.927711, -7.814283, -6.261054
-7.029657, -7.759479, -6.266974
-7.155094, -9.649723, -6.288888
-6.822914, -7.890519, -6.260765
-6.628873, -7.978412, -6.258442
-6.274607, -8.637609, -6.210888
-6.449594, -8.349885, -6.255935
-6.313350, -8.539670, -6.262929
-6.491987, -8.869585, -6.228064
-6.852542, -9.411452, -6.274516
-6.736363, -9.376785, -6.259416
-6.337833, -8.869375, -6.267556
-6.480431, -8.813231, -6.241669
-6.708640, -9.360475, -6.264943
-7.112616, -9.555725, -6.253741
-6.252766, -8.800535, -6.273965
-6.799671, -9.382473, -6.265576
-6.414043, -8.360455, -6.250774
-6.545238, -8.017550, -6.253148
-6.565494, -9.094025, -6.222848
-7.335765, -9.600504, -6.258703
-6.704027, -7.919987, -6.262025
-6.524028, -8.069205, -6.273605
-6.403697, -8.138089, -6.272299
-6.651322, -7.969441, -6.267936
-6.318164, -8.661713, -6.257370
-6.448195, -8.360971, -6.245626
-6.536347, -8.043334, -6.259551
-6.583792, -8.030391, -6.279945
-6.366814, -8.188909, -6.285666
-6.672059, -8.071754, -6.283019
-6.477845, -8.926736, -6.237986
-6.505856, -8.957979, -6.239902
-6.675440, -9.134679, -6.228779
-6.842581, -9.313494, -6.260119
-6.519785, -8.487453, -6.261045
-6.518620, -8.499772, -6.252701
-6.955247, -9.421257, -6.260473
-6.992274, -9.457155, -6.259280
-6.594799, -9.123146, -6.247138
-6.519872, -9.054126, -6.243155
-6.696776, -8.090983, -6.238564
-6.464332, -8.531864, -6.243742
-6.984267, -9.424091, -6.253353
-6.569889, -8.935111, -6.257427
-6.540413, -8.268969, -6.255373
-6.749522, -7.976672, -6.265744
-6.664469, -8.108621, -6.235304
-6.561459, -8.200525, -6.238760
-6.429853, -8.813393, -6.261316
-6.389301, -8.621897, -6.247763
-6.806310, -7.982028, -6.250684
-6.855269, -7.938388, -6.253673
-6.501657, -8.560160, -6.254760
-6.509486, -8.395065, -6.256207
-6.542158, -8.523853, -6.268509
-6.555610, -8.353674, -6.269132
-7.034971, -9.439875, -6.244945
-6.742484, -9.263606, -6.267885
-6.372949, -8.792927, -6.245547
-6.410821, -8.756026, -6.245100
-6.695269, -9.133909, -6.222917
-6.701016, -9.178623, -6.234384
-6.895825, -9.389929, -6.270545
-6.840090, -9.359657, -6.276622
-6.749184, -7.991164, -6.260769
-6.816402, -7.969198, -6.253197
-6.498364, -8.910834, -6.246493
-6.857214, -9.289014, -6.245173
-6.516632, -8.232849, -6.252126
-6.839699, -7.946871, -6.252917
-6.700180, -8.002270, -6.251244
-6.867980, -7.962531, -6.245942
-6.602778, -9.046153, -6.267650
-6.686232, -9.216485, -6.270547
-6.753362, -7.982058, -6.245583
-6.733897, -8.022717, -6.250917
-6.454735, -8.806032, -6.245481
-6.397580, -8.636602, -6.260447
-6.530931, -9.011033, -6.226371
-6.403387, -8.746557, -6.244480
-6.845511, -9.304203, -6.238688
-6.845209, -9.323533, -6.244812
-6.573346, -9.062993, -6.228289
-7.094230, -9.576458, -6.282729
-6.977566, -9.401844, -6.240724
-6.934921, -9.377878, -6.244322
-6.876574, -9.281733, -6.235453
-6.882210, -9.371900, -6.257743
-6.538362, -8.222164, -6.241047
-6.572704, -8.150519, -6.253719
-6.388179, -8.685651, -6.251333
-7.075871, -9.451470, -6.233213
-6.430995, -8.405386, -6.245366
-6.965990, -7.870274, -6.259689
-6.626717, -8.102273, -6.231749
-6.864166, -7.916798, -6.247333
-6.353155, -8.578597, -6.256416
-6.420192, -8.775295, -6.245654
-6.667240, -8.088168, -6.245359
-6.758950, -7.962369, -6.273115
-6.438322, -8.443432, -6.241579
-6.489858, -8.334333, -6.254170
-6.501195, -8.847194, -6.230302
-6.469113, -8.629429, -6.228676
-6.613626, -9.100333, -6.236024
-6.851190, -9.287841, -6.237037
-6.652017, -9.144568, -6.240161
-6.446503, -8.694596, -6.231915
-6.716303, -9.231558, -6.244737
-6.778381, -9.253531, -6.238963
-6.645367, -9.057604, -6.237310
-6.620872, -9.037073, -6.239890
-6.543367, -8.320518, -6.237531
-6.496703, -8.502438, -6.237217
-6.784775, -9.259610, -6.238755
-6.669881, -9.116666, -6.232086
-6.517243, -8.462389, -6.247199
-6.543046, -8.369620, -6.248742
-6.538978, -8.248087, -6.242112
-6.595745, -8.241298, -6.243949
-6.494941, -8.486794, -6.231181
-6.457601, -8.619252, -6.239000
-6.586170, -8.195848, -6.256245
-6.581376, -8.186630, -6.249640
-6.730778, -9.236775, -6.217534
-6.527368, -8.411516, -6.247957
-6.455730, -8.643476, -6.237858
-6.456863, -8.641165, -6.237913
-6.721971, -9.222068, -6.243790
-6.905757, -9.362539, -6.241830
-6.488520, -8.599251, -6.229979
-6.558159, -8.488922, -6.232872
-6.887331, -9.300881, -6.246543
-6.857282, -9.335270, -6.244210
-6.633376, -9.052057, -6.235129
-6.776659, -9.242374, -6.239350
-6.609500, -8.153415, -6.248447
-6.538764, -8.500751, -6.240529
-6.717457, -9.204030, -6.241493
-6.687087, -9.154154, -6.238475
-6.503305, -8.749928, -6.234495
-6.612669, -8.179276, -6.244559
-6.590231, -8.182173, -6.249341
-6.635775, -8.117116, -6.247959
-6.603055, -9.080183, -6.240025
-6.750322, -9.270911, -6.227230
-6.627280, -8.195470, -6.249364
-6.645425, -8.144372, -6.242126
-6.486003, -8.697621, -6.243186
-6.687840, -9.180894, -6.241484
-6.538666, -8.794652, -6.238124
-6.507352, -8.634902, -6.226980
-6.710079, -9.150379, -6.250512
-6.921099, -9.360026, -6.242423
-6.636615, -9.000672, -6.261427
-6.577496, -8.857594, -6.258630
-7.004222, -9.449608, -6.245544
-7.012755, -9.453520, -6.248039
-6.920127, -9.310643, -6.254361
-6.816887, -9.318134, -6.244189
-6.598149, -8.222479, -6.238467
-6.614988, -8.178286, -6.246098
-6.691886, -9.155724, -6.240365
-7.117945, -9.553719, -6.253595
-6.754840, -8.015021, -6.264586
-6.676104, -8.158803, -6.269849
-6.645547, -8.197316, -6.255769
-6.656126, -8.130101, -6.258000
-6.510074, -8.622477, -6.243093
-6.513325, -8.599195, -6.230852
-6.741755, -8.061543, -6.258289
-6.872224, -7.878803, -6.274225
-6.507359, -8.741241, -6.260883
-6.490861, -8.685372, -6.257296
-6.632360, -8.948709, -6.240690
-6.484264, -8.610741, -6.213762
-6.654469, -8.994005, -6.240171
-6.697836, -9.114077, -6.223625
-6.589963, -9.016275, -6.237764
-6.598932, -8.664884, -6.126346
-6.810512, -9.291756, -6.229299
-6.764273, -9.233038, -6.210226
-6.587595, -8.953389, -6.219829
-6.703345, -9.182517, -6.208157
-6.530673, -8.609478, -6.226671
-6.547928, -8.403361, -6.218870
-6.586554, -8.954201, -6.218723
-6.610666, -9.064654, -6.210764
-6.530488, -8.538078, -6.224082
-6.588043, -8.379049, -6.214071
-6.614471, -8.342350, -6.240921
-6.574904, -8.452578, -6.235364
-6.577773, -8.468958, -6.237769
-6.564131, -8.921451, -6.200376
-6.631210, -8.235501, -6.232158
-6.625666, -8.235949, -6.212147
-6.585426, -8.988787, -6.197114
-6.544573, -8.486835, -6.226360
-6.580772, -8.962159, -6.233412
-6.587598, -8.391330, -6.215152
-6.637134, -9.080753, -6.236705
-6.623720, -9.103040, -6.225774
-6.650252, -9.013304, -6.229166
-6.483305, -8.643785, -6.230067
-6.800860, -9.232511, -6.219347
-6.765904, -9.221402, -6.233328
-6.752593, -9.230242, -6.232278
-6.756115, -9.247390, -6.183853
-6.503351, -8.656282, -6.211396
-6.595455, -8.335301, -6.221031
-6.677316, -9.093922, -6.242977
-6.637058, -9.048964, -6.238173
-6.575180, -8.567704, -6.231972
-6.561229, -8.323814, -6.242495
-6.587334, -8.256628, -6.238745
-6.557477, -8.334985, -6.238979
-6.458740, -8.714453, -6.224716
-6.508327, -8.791594, -6.206378
-6.561897, -8.386706, -6.242528
-6.558022, -8.412155, -6.240095
-6.549551, -8.837337, -6.232287
-6.585527, -8.873322, -6.227141
-6.513168, -8.678976, -6.226922
-6.598500, -8.883925, -6.233034
-6.765769, -9.176221, -6.221070
-6.878137, -9.326254, -6.192209
-6.552395, -8.704515, -6.228606
-6.700284, -9.139783, -6.191349
-6.935628, -9.415076, -6.142573
-6.925761, -9.381382, -6.158213
-6.630716, -9.019138, -6.236731
-6.540053, -8.850259, -6.232436
-6.520988, -8.553005, -6.233081
-6.577897, -8.326255, -6.241827
-6.863907, -9.315076, -6.193033
-6.820885, -9.289925, -6.191605
-6.599429, -8.417286, -6.240908
-6.649713, -8.214441, -6.237506
-6.642647, -8.301026, -6.238750
-6.616898, -8.282083, -6.240285
-6.510029, -8.658143, -6.227049
-6.519369, -8.773123, -6.232339
-6.649606, -8.267267, -6.234310
-6.649410, -8.216723, -6.235346
-6.535514, -8.682808, -6.227248
-6.517651, -8.653953, -6.229941
-6.556109, -8.752018, -6.237571
-6.652581, -8.824479, -6.247173
-6.710008, -9.136409, -6.218752
-6.752734, -9.228145, -6.154575
-6.604639, -8.938544, -6.219702
-6.620686, -8.540561, -6.152453
-6.638464, -9.007903, -6.206244
-6.630836, -9.002447, -6.161550
-6.593320, -8.702216, -6.228874
-6.655806, -9.051819, -6.168747
-6.612027, -8.425673, -6.247344
-6.619264, -8.697705, -6.253466
-6.601555, -8.698738, -6.228208
-6.643368, -8.978551, -6.179744
-6.707921, -8.316336, -6.157375
-6.690957, -8.340252, -6.152967
-6.657705, -8.325412, -6.232719
-6.700413, -8.301263, -6.148615
-6.566048, -8.507967, -6.235809
-6.660232, -8.348967, -6.238952
-6.652518, -8.295169, -6.204838
-6.808746, -8.168487, -6.166406
-6.520521, -8.644096, -6.240367
-6.597428, -8.821362, -6.141955
-6.544943, -8.757777, -6.214859
-6.619890, -8.809711, -6.209045
-6.675194, -9.123516, -6.178184
-6.650339, -9.084718, -6.152566
-6.537096, -8.809006, -6.238416
-6.546102, -8.589456, -6.243037
-6.681257, -9.085547, -6.197656
-6.712000, -9.232718, -6.123283
-6.715055, -9.225548, -6.146048
-6.626068, -8.916875, -6.188180
-6.736896, -8.184626, -6.185979
-6.589130, -8.482455, -6.233826
-6.695770, -9.068397, -6.206893
-6.587865, -8.772017, -6.220224
-6.604858, -8.543486, -6.238549
-6.562373, -8.578001, -6.243310
-6.755732, -8.105726, -6.207796
-6.633972, -8.394579, -6.226714
-6.613320, -8.614119, -6.237037
-6.670930, -8.481764, -6.224050
-6.732019, -8.222433, -6.203015
-6.698912, -8.299251, -6.165495
-6.630854, -8.413789, -6.206162
-6.597754, -8.815242, -6.225031
-6.505401, -8.604155, -6.237918
-6.605284, -8.820641, -6.221340
-6.696068, -9.114113, -6.150484
-6.660225, -9.120464, -6.210941
-6.653497, -9.061440, -6.143931
-6.557854, -8.839382, -6.217020
-6.699476, -9.143816, -6.128829
-6.754536, -9.307788, -6.085150
-6.626135, -8.977053, -6.240710
-6.621371, -8.861122, -6.225804
-6.603642, -8.389844, -6.249467
-6.564269, -8.665398, -6.222963
-6.595330, -8.951713, -6.220460
-6.746328, -9.280201, -6.097654
-6.752161, -8.266056, -6.159534
-6.813810, -8.159083, -6.094871
-6.638822, -8.234415, -6.229992
-6.626267, -8.466657, -6.233519
-6.544254, -8.691202, -6.203042
-6.573858, -8.569441, -6.222654
-6.705929, -8.322399, -6.151788
-6.730483, -8.152915, -6.172345
-6.617296, -8.502715, -6.212124
-6.562047, -8.696071, -6.197326
-6.606110, -8.777602, -6.269560
-6.692093, -8.715625, -6.285480
-6.703973, -9.092034, -6.255096
-6.680973, -8.986543, -6.232962
-6.683436, -8.694625, -6.282491
-6.700184, -8.735968, -6.243268
-6.745818, -9.094714, -6.229275
-6.781106, -9.067603, -6.256640
-6.644300, -8.949562, -6.259913
-6.725967, -8.880478, -6.278617
-6.667349, -8.560383, -6.258418
-6.765325, -8.473791, -6.270537
-6.720832, -8.927503, -6.279261
-6.704079, -8.851809, -6.257909
-6.829092, -8.198509, -6.223570
-6.905064, -8.114791, -6.281732
-6.704195, -8.347043, -6.253958
-6.834721, -8.204226, -6.219940
-6.629624, -8.572832, -6.265779
-6.759039, -8.475681, -6.270572
-6.803452, -8.166924, -6.249814
-6.882023, -8.150448, -6.265830
-6.665049, -8.643985, -6.216373
-6.669167, -8.557532, -6.169387
-6.735518, -8.414480, -6.210434
-6.688366, -8.662579, -6.228827
-6.797034, -9.083550, -6.258736
-6.838624, -9.242102, -6.224494
-6.716076, -8.608129, -6.239076
-6.734819, -8.866455, -6.275854
-6.737735, -9.202779, -6.146111
-6.766144, -9.088383, -6.238524
-6.774204, -8.878221, -6.271783
-6.785519, -9.088855, -6.252979
-6.859426, -8.177217, -6.258480
-6.734758, -8.492558, -6.232238
-6.687813, -8.867268, -6.248524
-6.669739, -8.730915, -6.251482
-6.746336, -8.524014, -6.249354
-6.877352, -8.176927, -6.242868
-6.913766, -8.132588, -6.221143
-6.910954, -8.125411, -6.248140
-6.682072, -8.603873, -6.240129
-6.699835, -8.795696, -6.247779
-6.764951, -8.328341, -6.230694
-6.818355, -8.230662, -6.224311
-6.675842, -8.610439, -6.247695
-6.736653, -8.475581, -6.246660
-6.654630, -8.783569, -6.230950
-6.696438, -8.679779, -6.278185
-6.726408, -9.160556, -6.161911
-6.667236, -9.075109, -6.153145
-6.759645, -8.977714, -6.163061
-6.719306, -8.879466, -6.163067
-6.748912, -9.242140, -6.191031
-6.815580, -9.277194, -6.065492
-6.617601, -8.703960, -6.270228
-6.697432, -8.712318, -6.269337
-6.731001, -8.311696, -6.161547
-6.731928, -8.336471, -6.208897
-6.689357, -8.930136, -6.224943
-6.733170, -8.921881, -6.258184
-6.825146, -8.177702, -6.164345
-6.688107, -8.662098, -6.253440
-6.723650, -8.293303, -6.241954
-6.869004, -8.176915, -6.225294
-6.741675, -8.432904, -6.249234
-6.759861, -8.386401, -6.199219
-6.808177, -8.211941, -6.075223
-6.921115, -8.059558, -6.084027
-6.681210, -8.388233, -6.038278
-6.742306, -8.200404, -5.989107
-6.741889, -8.723731, -6.285702
-6.781284, -8.628813, -6.255641
-6.786316, -8.842694, -6.274085
-6.828572, -9.040508, -6.261949
-6.790467, -8.762655, -6.267004
-6.807791, -8.646422, -6.238369
-6.811582, -8.946898, -6.250662
-6.840106, -8.876716, -6.251906
-6.838845, -8.838660, -6.258356
-6.830245, -8.994857, -6.250813
-6.783535, -8.426567, -6.261091
-6.844777, -8.240669, -6.248344
-6.932278, -9.134775, -6.248175
-6.983734, -9.155286, -6.258785
-6.945935, -8.164616, -6.249738
-6.824807, -8.666615, -6.216910
-6.699799, -8.367120, -6.259214
-6.780587, -8.337749, -6.244098
-6.764581, -8.491026, -6.276077
-6.800915, -8.505816, -6.262243
-6.849045, -8.185053, -6.257923
-6.944499, -8.144226, -6.225593
-6.787852, -8.530288, -6.241050
-6.823464, -8.732739, -6.188003
-6.792691, -8.525819, -6.213573
-6.842004, -8.380450, -6.181240
-6.856739, -8.963426, -6.222514
-6.927962, -9.073340, -6.217218
-6.815353, -8.514560, -6.264144
-6.819198, -8.418944, -6.251681
-6.868011, -9.018162, -6.266897
-6.957356, -9.130123, -6.248943
-6.784763, -8.707013, -6.275657
-6.901258, -9.035078, -6.243279
-6.933813, -8.075300, -6.262632
-6.806883, -8.517422, -6.272591
-6.781968, -8.709187, -6.289508
-6.806034, -8.767331, -6.280895
-6.839367, -8.320733, -6.243488
-6.851857, -8.289585, -6.235235
-6.920912, -8.189086, -6.242167
-6.861711, -8.342093, -6.227665
-6.826350, -8.392846, -6.213288
-6.828708, -8.507771, -6.219780
-6.732819, -8.332659, -6.261592
-6.815929, -8.343619, -6.224880
-6.677120, -8.694311, -6.280999
-6.780936, -8.709047, -6.281219
-6.813107, -8.817524, -6.245780
-6.816058, -8.785329, -6.215855
-6.871831, -9.039143, -6.250072
-6.886630, -9.013788, -6.233511
-6.786458, -8.615094, -6.253544
-6.828986, -8.852400, -6.083594
-6.814379, -9.082074, -6.200336
-6.868748, -9.059419, -6.090672
-6.808275, -8.823804, -6.258325
-6.874125, -8.996969, -6.260572
-6.857293, -8.222703, -6.231188
-6.819656, -8.343824, -6.226024
-6.741680, -8.897346, -6.230446
-6.914440, -9.132990, -6.126506
-6.954733, -8.095875, -6.209664
-6.780137, -8.589167, -6.191748
-6.859488, -8.191007, -6.201346
-6.842761, -8.296290, -6.231175
-6.738373, -8.384007, -6.266167
-6.798247, -8.607963, -6.252492
-6.843903, -8.292624, -6.216761
-6.924190, -8.097756, -6.259263
-6.831923, -8.399214, -6.179497
-6.791326, -8.648691, -6.229105
-6.844963, -8.800302, -6.266216
-6.930329, -8.674873, -6.258322
-6.877058, -8.960473, -6.265057
-6.908817, -8.900534, -6.263561
-6.835700, -8.798597, -6.266973
-6.863626, -8.649083, -6.281681
-6.953848, -8.993847, -6.269684
-6.971015, -9.014573, -6.263306
-6.857700, -8.888292, -6.257401
-6.903077, -8.847580, -6.262088
-6.884949, -8.472795, -6.270266
-6.936412, -8.588677, -6.257590
-6.877543, -8.753854, -6.273457
-6.942718, -8.668940, -6.237486
-6.904761, -8.548411, -6.257902
-6.972019, -8.412694, -6.274258
-6.859455, -8.356761, -6.262681
-6.952316, -8.357190, -6.252531
-6.865145, -8.627439, -6.280030
-6.909696, -8.474780, -6.255752
-6.917776, -8.361766, -6.267271
-6.921377, -8.414938, -6.253102
-6.886200, -8.473926, -6.270494
-6.936129, -8.553437, -6.257593
-6.889656, -8.790915, -6.268546
-6.927048, -8.632851, -6.259192
-6.941500, -8.968555, -6.263478
-6.955984, -8.914460, -6.242486
-6.937767, -8.829679, -6.240893
-6.930911, -8.747940, -6.244943
-6.948748, -8.885530, -6.238660
-6.994863, -9.007126, -6.277990
-7.022330, -9.070681, -6.263051
-6.941773, -8.693253, -6.236805
-6.981786, -8.363581, -6.253689
-7.057117, -8.242590, -6.259789
-6.917819, -8.843425, -6.260163
-7.037137, -9.076474, -6.260808
-6.935694, -8.370625, -6.267868
-7.004860, -8.284744, -6.261242
-6.994553, -8.328215, -6.254249
-6.985146, -8.347506, -6.253717
-6.901424, -8.740641, -6.253438
-6.942817, -8.719564, -6.269803
-6.916631, -8.275724, -6.267613
-6.953750, -8.422369, -6.254136
-6.883106, -8.748210, -6.274227
-6.907385, -8.741385, -6.252841
-6.865785, -8.611694, -6.280566
-6.939493, -8.763438, -6.200534
-6.932446, -8.927078, -6.262404
-6.960156, -8.934393, -6.271870
-6.904973, -8.764391, -6.257123
-6.981415, -8.628761, -6.140898
-7.014548, -9.041878, -6.183266
-7.124781, -9.128906, -6.164961
-6.887366, -8.688230, -6.280345
-7.036141, -9.048454, -6.264213
-6.952934, -8.343722, -6.266266
-6.968964, -8.321716, -6.261374
-6.924159, -8.664108, -6.212307
-6.968493, -8.944328, -6.183490
-6.907323, -8.452251, -6.269516
-7.023513, -8.279719, -6.228200
-6.944940, -8.360124, -6.265173
-6.947228, -8.446631, -6.241292
-6.827673, -8.567919, -6.277996
-6.937423, -8.549633, -6.258110
-7.080653, -8.178392, -6.230003
-7.112799, -8.197223, -6.112782
-6.934885, -8.420295, -6.230520
-6.922343, -8.628294, -6.199818
-7.019661, -8.704556, -6.254402
-7.152564, -8.637822, -6.261534
-7.062059, -8.898463, -6.256859
-7.090089, -8.904675, -6.243978
-7.024791, -8.746136, -6.254360
-7.096498, -8.736470, -6.292591
-7.101779, -8.974247, -6.253562
-7.095255, -8.811510, -6.245683
-7.044916, -8.863437, -6.254367
-7.144264, -8.694808, -6.267873
-7.070879, -8.480082, -6.252563
-7.159557, -8.669703, -6.287833
-7.102941, -8.817331, -6.245986
-7.136833, -8.810474, -6.292219
-7.132597, -8.345011, -6.243925
-7.129192, -8.617640, -6.279068
-7.003504, -8.434559, -6.252639
-7.072609, -8.452889, -6.254732
-7.043287, -8.568371, -6.257051
-7.098434, -8.737312, -6.245302
-7.065722, -8.417163, -6.255362
-7.103580, -8.463492, -6.239205
-7.050729, -8.563745, -6.258042
-7.152392, -8.787496, -6.269354
-7.059788, -8.637142, -6.289270
-7.086243, -8.823915, -6.239167
-7.068924, -8.936705, -6.256647
-7.106906, -8.833368, -6.282161
-7.068636, -8.785017, -6.282446
-7.081495, -8.719818, -6.276974
-7.096913, -8.964578, -6.252998
-7.170500, -9.039042, -6.254143
-7.107917, -8.994783, -6.255300
-7.123626, -8.852347, -6.290936
-7.168921, -8.306446, -6.250116
-7.143239, -8.336456, -6.242820
-7.107021, -8.697068, -6.274455
-7.118958, -8.793458, -6.242331
-7.109055, -8.594552, -6.276237
-7.184559, -8.294577, -6.250277
-7.132430, -8.363531, -6.239131
-7.134846, -8.374029, -6.239304
-7.101409, -8.494596, -6.280967
-7.103437, -8.662930, -6.239008
-7.176396, -8.298041, -6.252189
-7.139728, -8.373146, -6.273318
-7.105792, -8.497149, -6.266338
-7.116261, -8.777166, -6.269676
-7.084725, -8.730495, -6.230552
-7.134207, -8.723334, -6.150374
-7.158755, -9.093545, -6.260766
-7.258544, -9.096189, -6.266396
-7.102096, -8.848532, -6.182848
-7.116963, -8.597306, -6.156455
-7.154772, -8.979057, -6.195730
-7.443456, -9.136950, -6.146220
-7.164696, -9.020675, -6.275842
-7.118549, -8.908832, -6.277340
-7.072619, -8.617144, -6.237980
-7.108873, -8.560137, -6.220682
-7.096241, -8.820601, -6.179164
-7.347531, -9.032710, -6.107975
-7.065886, -8.588037, -6.241165
-7.248335, -8.243727, -6.241140
-7.139063, -8.383121, -6.227900
-7.137428, -8.383666, -6.264407
-7.023362, -8.703690, -6.278649
-7.107358, -8.541101, -6.235279
-7.206603, -8.287201, -6.170829
-7.369393, -8.305419, -6.102399
-7.099187, -8.508636, -6.183201
-7.400124, -8.344909, -6.076570
-7.154120, -8.789262, -6.242535
-7.225479, -8.759974, -6.234898
-7.197746, -8.923120, -6.242011
-7.238239, -8.775193, -6.230499
-7.227447, -8.690187, -6.282191
-7.271891, -8.621760, -6.272866
-7.206899, -8.954828, -6.240828
-7.247437, -8.964757, -6.237381
-7.248586, -8.723231, -6.226404
-7.235837, -8.765841, -6.227295
-7.221218, -8.610552, -6.226657
-7.288035, -8.613525, -6.299268
-7.220923, -8.775780, -6.238166
-7.282740, -8.753185, -6.298369
-7.241979, -8.414383, -6.236997
-7.249393, -8.463687, -6.229120
-7.160847, -8.488853, -6.240588
-7.263391, -8.443730, -6.227150
-7.131746, -8.625282, -6.241100
-7.254210, -8.581160, -6.225649
-7.160177, -8.480885, -6.240488
-7.237281, -8.548031, -6.227184
-7.183953, -8.638608, -6.240049
-7.254336, -8.686395, -6.225610
-7.224565, -8.629077, -6.273041
-7.236299, -8.711724, -6.226587
-7.230430, -8.968572, -6.227933
-7.246974, -8.966019, -6.237694
-7.175609, -8.728446, -6.221321
-7.225149, -8.787219, -6.239106
-7.241887, -8.975777, -6.238775
-7.254505, -8.823868, -6.291152
-7.230548, -8.823807, -6.239055
-7.275766, -8.942732, -6.232895
-7.217961, -8.390995, -6.240779
-7.242544, -8.618607, -6.225928
-7.214881, -8.696911, -6.235715
-7.273728, -8.945193, -6.233766
-7.258274, -8.346611, -6.238504
-7.257883, -8.355656, -6.237722
-7.215715, -8.462705, -6.240323
-7.230570, -8.444951, -6.237514
-7.154837, -8.541652, -6.240798
-7.211677, -8.600643, -6.237288
-7.232953, -8.437011, -6.237829
-7.246317, -8.430199, -6.234550
-7.216582, -8.516777, -6.238370
-7.234986, -8.768602, -6.232476
-7.224363, -8.681461, -6.257623
-7.262976, -8.801068, -6.257800
-7.293374, -8.920074, -6.257972
-7.282373, -8.837122, -6.240173
-7.337442, -8.739022, -6.126785
-7.489810, -8.827686, -6.123595
-7.309999, -8.930228, -6.210149
-7.340120, -8.914552, -6.207167
-7.238997, -8.813750, -6.235482
-7.254282, -8.845659, -6.231920
-7.254086, -8.421275, -6.233434
-7.274519, -8.442802, -6.284461
-7.302579, -8.632099, -6.191194
-7.265376, -8.616729, -6.245633
-7.263512, -8.526060, -6.259024
-7.382505, -8.543114, -6.149500
-7.247445, -8.424219, -6.234996
-7.296073, -8.423098, -6.249120
-7.248632, -8.665049, -6.233671
-7.256802, -8.572628, -6.254445
-7.334515, -8.333849, -6.232158
-7.399434, -8.314573, -6.270559
-7.335531, -8.525931, -6.144268
-7.343819, -8.531442, -6.169238
-7.282485, -8.670625, -6.225000
-7.374552, -8.658232, -6.293324
-7.357612, -8.747070, -6.225000
-7.362539, -8.834184, -6.225000
-7.334366, -8.744732, -6.225000
-7.377878, -8.691935, -6.297728
-7.361782, -8.810322, -6.225000
-7.393794, -8.780565, -6.225000
-7.368207, -8.746302, -6.225000
-7.395246, -8.739134, -6.298762
-7.357217, -8.615252, -6.225000
-7.384221, -8.493343, -6.225000
-7.397270, -8.771686, -6.225000
-7.413970, -8.666846, -6.284348
-7.395980, -8.523557, -6.225000
-7.422177, -8.545117, -6.295467
-7.319902, -8.568476, -6.225000
-7.387784, -8.485261, -6.225000
-7.345670, -8.609720, -6.225000
-7.427285, -8.674293, -6.275824
-7.349921, -8.492818, -6.225000
-7.391135, -8.475904, -6.225000
-7.356011, -8.585628, -6.225000
-7.398653, -8.597282, -6.298323
-7.374379, -8.559330, -6.225000
-7.407287, -8.602365, -6.295757
-7.368950, -8.901768, -6.219261
-7.391181, -8.883801, -6.225000
-7.363062, -8.751892, -6.225000
-7.357949, -8.632566, -6.225000
-7.369772, -8.899034, -6.219012
-7.383107, -8.773018, -6.225000
-7.384315, -8.700749, -6.297717
-7.400842, -8.828299, -6.225000
-7.366405, -8.621481, -6.225000
-7.386834, -8.481805, -6.225000
-7.349583, -8.632535, -6.225000
-7.402200, -8.797037, -6.225000
-7.367308, -8.595440, -6.225000
-7.386856, -8.431446, -6.225000
-7.370750, -8.458158, -6.225000
-7.395447, -8.513807, -6.225000
-7.354945, -8.632941, -6.225000
-7.381073, -8.614842, -6.297286
-7.367200, -8.465211, -6.225000
-7.395101, -8.489580, -6.225000
-7.355134, -8.577087, -6.225000
-7.405719, -8.722712, -6.291835
-7.381188, -8.790970, -6.225000
-7.371628, -8.738490, -6.298117
-7.371418, -8.913267, -6.219913
-7.401812, -8.814860, -6.298682
-7.353730, -8.804141, -6.255671
-7.406677, -8.655526, -6.273682
-7.391884, -8.930592, -6.219671
-7.444133, -8.904877, -6.212699
-7.342041, -8.652177, -6.225000
-7.386885, -8.705496, -6.289961
-7.379086, -8.411044, -6.219963
-7.418777, -8.452320, -6.225000
-7.395501, -8.918326, -6.218226
-7.428742, -8.623210, -6.264010
-7.387559, -8.525781, -6.275232
-7.493108, -8.443139, -6.260706
-7.381502, -8.461032, -6.215635
-7.401032, -8.441956, -6.214849
-7.371764, -8.567830, -6.296660
-7.405429, -8.646172, -6.274734
-7.432256, -8.429592, -6.281865
-7.497531, -8.409328, -6.272034
-7.395895, -8.490149, -6.268519
-7.470060, -8.508333, -6.239023
-7.474036, -8.702977, -6.211055
-7.517394, -8.668525, -6.182048
-7.495804, -8.762671, -6.197557
-7.512762, -8.761997, -6.189302
-7.506498, -8.655647, -6.205308
-7.517814, -8.651045, -6.201178
-7.498086, -8.788620, -6.216821
-7.519189, -8.720682, -6.190944
-7.509005, -8.640299, -6.184861
-7.529696, -8.736059, -6.163269
-7.513930, -8.621866, -6.203017
-7.509361, -8.507632, -6.173989
-7.492063, -8.735654, -6.212133
-7.535735, -8.685714, -6.183704
-7.521245, -8.613482, -6.206513
-7.530394, -8.536499, -6.185382
-7.481805, -8.532115, -6.206510
-7.514512, -8.531255, -6.186337
-7.483095, -8.587292, -6.174322
-7.530007, -8.654016, -6.169680
-7.498696, -8.509221, -6.211634
-7.516115, -8.532124, -6.200042
-7.490589, -8.611122, -6.215048
-7.531297, -8.665161, -6.187922
-7.474305, -8.666437, -6.240309
-7.503469, -8.682082, -6.222863
-7.489682, -8.758713, -6.232073
-7.508300, -8.749072, -6.227019
-7.458227, -8.678766, -6.255670
-7.491396, -8.680310, -6.236395
-7.471585, -8.831059, -6.261676
-7.503165, -8.778629, -6.237781
-7.492099, -8.750289, -6.229553
-7.500811, -8.775616, -6.229307
-7.518666, -8.582716, -6.203013
-7.511174, -8.566394, -6.210456
-7.487052, -8.734532, -6.232502
-7.495956, -8.756250, -6.232865
-7.486932, -8.501042, -6.246153
-7.506449, -8.574685, -6.220936
-7.505583, -8.527416, -6.213526
-7.510624, -8.569831, -6.212882
-7.508041, -8.633204, -6.219363
-7.510963, -8.644043, -6.218143
-7.495273, -8.568610, -6.238133
-7.520235, -8.509152, -6.222181
-7.488494, -8.660253, -6.238442
-7.517873, -8.665382, -6.216299
-7.469298, -8.734943, -6.266062
-7.492659, -8.640221, -6.240718
-7.481456, -8.834385, -6.287994
-7.501693, -8.811837, -6.263462
-7.485911, -8.775738, -6.277047
-7.501108, -8.688284, -6.257545
-7.515259, -8.863340, -6.286834
-7.545915, -8.810554, -6.270530
-7.475277, -8.701354, -6.251264
-7.496620, -8.696885, -6.235262
-7.487145, -8.497005, -6.258109
-7.512282, -8.540708, -6.239795
-7.502480, -8.796268, -6.268904
-7.535646, -8.805345, -6.272618
-7.528744, -8.514503, -6.271987
-7.535982, -8.511734, -6.261803
-7.487490, -8.576926, -6.270869
-7.514102, -8.543659, -6.247636
-7.476596, -8.597826, -6.261094
-7.512967, -8.696696, -6.225816
-7.500282, -8.574932, -6.270833
-7.538269, -8.572568, -6.264556
-7.493378, -8.588110, -6.271472
-7.530496, -8.646389, -6.258807
-7.581523, -8.670291, -6.009338
-7.618469, -8.601006, -5.964194
-7.581959, -8.694894, -5.987992
-7.593912, -8.731657, -5.970841
-7.573512, -8.629115, -6.068149
-7.623138, -8.598612, -5.949171
-7.577940, -8.705210, -6.018262
-7.592373, -8.734396, -5.995543
-7.602614, -8.679787, -5.950712
-7.604705, -8.688487, -5.964101
-7.602728, -8.616160, -5.935420
-7.595357, -8.535439, -5.955055
-7.593172, -8.726724, -5.993925
-7.618249, -8.627744, -5.950093
-7.591677, -8.533879, -5.975430
-7.595031, -8.535336, -5.966081
-7.560478, -8.573766, -5.977557
-7.589311, -8.549101, -5.917271
-7.542787, -8.576868, -6.014864
-7.586929, -8.604215, -5.930550
-7.574560, -8.527929, -6.005772
-7.585396, -8.532418, -5.973427
-7.566517, -8.591677, -6.016179
-7.594573, -8.647268, -5.979316
-7.554646, -8.655242, -6.089799
-7.572173, -8.608560, -6.032916
-7.564206, -8.766354, -6.050951
-7.588222, -8.691625, -6.009480
-7.539902, -8.662279, -6.099938
-7.570633, -8.668365, -6.032263
-7.554407, -8.767200, -6.073128
-7.578012, -8.729966, -6.022358
-7.596042, -8.636677, -5.970404
-7.582172, -8.689962, -5.991945
-7.572319, -8.590666, -5.977093
-7.573788, -8.564218, -5.986222
-7.555671, -8.739481, -6.039348
-7.566565, -8.677083, -6.014457
-7.552860, -8.510342, -6.034457
-7.565561, -8.531807, -5.999925
-7.569213, -8.551916, -6.024798
-7.577182, -8.539268, -6.005171
-7.569897, -8.616251, -6.037424
-7.567773, -8.606892, -6.027176
-7.562220, -8.551726, -6.037340
-7.567164, -8.547663, -6.028744
-7.558512, -8.583219, -6.051155
-7.573403, -8.610226, -6.035162
-7.550197, -8.662956, -6.071814
-7.556319, -8.647913, -6.060239
-7.558342, -8.738517, -6.064948
-7.572919, -8.730480, -6.060018
-7.541030, -8.720140, -6.153430
-7.561367, -8.674926, -6.100827
-7.546800, -8.757089, -6.139783
-7.588135, -8.737892, -6.086705
-7.533125, -8.659267, -6.056949
-7.556798, -8.661303, -6.033900
-7.547665, -8.566037, -6.024949
-7.555902, -8.595009, -5.997844
-7.567082, -8.709466, -6.092015
-7.569144, -8.665503, -6.067340
-7.559710, -8.607930, -6.094622
-7.586146, -8.593192, -6.074895
-7.556387, -8.526818, -6.075591
-7.569289, -8.525954, -6.045913
-7.552305, -8.665460, -6.098737
-7.570701, -8.582513, -6.055974
-7.576704, -8.576150, -6.097367
-7.583492, -8.539516, -6.072217
-7.575327, -8.589759, -6.084294
-7.585775, -8.590675, -6.105348
-7.661901, -8.646771, -5.762250
-7.678106, -8.645484, -5.709014
-7.670258, -8.692636, -5.726015
-7.680746, -8.658548, -5.695428
-7.665562, -8.627192, -5.777440
-7.672642, -8.618820, -5.731826
-7.662492, -8.690081, -5.765271
-7.668316, -8.705739, -5.735351
-7.673911, -8.651444, -5.707459
-7.682566, -8.653419, -5.705088
-7.650357, -8.563058, -5.707998
-7.679363, -8.581843, -5.692903
-7.671095, -8.641434, -5.737638
-7.676148, -8.684819, -5.723910
-7.637417, -8.511974, -5.750617
-7.667914, -8.599508, -5.718178
-7.617519, -8.554035, -5.722929
-7.662284, -8.527237, -5.694080
-7.624861, -8.568428, -5.705496
-7.662421, -8.613766, -5.708559
-7.636519, -8.530267, -5.744995
-7.644159, -8.535536, -5.735511
-7.652990, -8.606043, -5.738511
-7.665241, -8.581223, -5.704730
-7.650186, -8.664409, -5.796226
-7.638245, -8.592521, -5.759320
-7.648566, -8.718057, -5.747275
-7.651242, -8.653582, -5.764824
-7.624166, -8.612609, -5.802655
-7.615848, -8.599124, -5.780886
-7.624987, -8.683290, -5.788117
-7.614123, -8.691826, -5.782670
-7.647487, -8.641577, -5.726412
-7.663018, -8.657406, -5.725745
-7.637721, -8.511868, -5.742026
-7.657902, -8.598423, -5.716690
-7.630016, -8.682211, -5.742414
-7.603285, -8.630068, -5.753101
-7.610810, -8.510967, -5.753408
-7.629551, -8.548635, -5.758120
-7.632263, -8.523714, -5.748862
-7.632587, -8.549077, -5.762285
-7.619905, -8.597898, -5.788263
-7.644347, -8.613115, -5.746782
-7.599823, -8.539306, -5.800029
-7.618444, -8.524815, -5.769274
-7.601884, -8.591805, -5.803088
-7.609632, -8.596986, -5.782465
-7.597451, -8.630860, -5.836777
-7.606352, -8.576155, -5.766710
-7.590017, -8.695107, -5.801601
-7.600571, -8.679510, -5.805616
-7.572207, -8.644539, -5.891259
-7.599691, -8.634192, -5.831842
-7.573612, -8.713002, -5.893919
-7.598935, -8.669333, -5.835927
-7.574384, -8.675315, -5.810472
-7.586484, -8.602036, -5.787818
-7.601815, -8.516016, -5.763950
-7.608096, -8.519379, -5.792364
-7.578616, -8.627169, -5.789707
-7.585906, -8.653083, -5.796245
-7.576884, -8.588321, -5.825912
-7.612970, -8.534328, -5.811710
-7.603155, -8.533691, -5.801012
-7.603740, -8.560778, -5.806079
-7.592614, -8.585073, -5.832938
-7.602878, -8.596729, -5.803959
-7.605771, -8.556846, -5.826116
-7.619863, -8.569919, -5.833230
-7.587210, -8.623434, -5.877504
-7.603850, -8.647466, -5.819701
-7.738998, -8.651389, -5.524613
-7.730008, -8.641714, -5.440310
-7.715768, -8.698440, -5.497331
-7.722417, -8.705303, -5.427903
-7.718146, -8.615957, -5.507683
-7.707711, -8.631049, -5.457648
-7.709120, -8.711874, -5.455132
-7.703672, -8.661284, -5.451796
-7.720802, -8.661444, -5.491689
-7.725085, -8.642887, -5.432890
-7.721002, -8.600026, -5.448521
-7.702403, -8.524460, -5.450018
-7.724355, -8.611259, -5.494485
-7.718803, -8.608760, -5.448665
-7.716213, -8.570674, -5.467906
-7.709379, -8.525578, -5.461082
-7.693575, -8.533756, -5.486453
-7.699116, -8.571040, -5.457183
-7.713098, -8.625426, -5.458874
-7.734612, -8.632179, -5.403609
-7.703833, -8.525881, -5.474788
-7.710222, -8.523510, -5.460279
-7.703040, -8.581768, -5.475666
-7.715147, -8.601794, -5.470856
-7.694577, -8.642885, -5.480036
-7.677169, -8.634191, -5.477540
-7.691048, -8.665876, -5.494115
-7.692597, -8.666520, -5.469659
-7.668308, -8.650059, -5.509972
-7.663038, -8.613888, -5.476038
-7.649172, -8.682575, -5.514387
-7.675519, -8.670925, -5.478532
-7.699979, -8.678476, -5.472851
-7.710707, -8.681711, -5.448611
-7.681771, -8.518826, -5.496212
-7.694054, -8.580151, -5.469378
-7.648423, -8.708692, -5.485205
-7.672048, -8.671692, -5.476299
-7.632513, -8.528591, -5.534295
-7.671218, -8.616032, -5.484155
-7.693335, -8.530947, -5.507837
-7.699537, -8.560598, -5.501315
-7.681713, -8.599329, -5.520465
-7.701650, -8.572593, -5.497278
-7.659385, -8.533477, -5.532336
-7.657933, -8.565969, -5.533678
-7.652395, -8.579948, -5.569144
-7.670673, -8.641383, -5.528749
-7.634079, -8.647033, -5.551960
-7.651534, -8.659678, -5.517357
-7.641024, -8.686173, -5.518777
-7.653902, -8.720342, -5.492743
-7.594677, -8.659925, -5.635756
-7.636678, -8.646876, -5.548689
-7.620593, -8.681567, -5.558015
-7.640276, -8.678835, -5.573866
-7.604934, -8.618037, -5.518651
-7.622596, -8.678311, -5.526961
-7.632829, -8.512431, -5.557495
-7.644750, -8.545533, -5.537408
-7.610180, -8.608154, -5.571982
-7.636580, -8.663510, -5.558981
-7.617503, -8.583413, -5.553996
-7.627941, -8.598393, -5.578710
-7.636926, -8.542891, -5.558188
-7.646624, -8.562941, -5.547368
-7.624572, -8.604570, -5.594034
-7.643696, -8.587151, -5.549489
-7.636593, -8.541436, -5.598242
-7.651925, -8.555968, -5.565505
-7.628171, -8.603416, -5.611527
-7.657940, -8.585114, -5.599367
-7.770516, -8.690223, -5.206054
-7.787916, -8.654276, -5.187631
-7.763152, -8.736230, -5.188277
-7.790720, -8.716324, -5.157784
-7.768919, -8.633389, -5.249507
-7.770828, -8.632060, -5.213076
-7.758808, -8.742058, -5.201311
-7.764233, -8.726692, -5.197752
-7.761316, -8.695483, -5.207063
-7.771262, -8.718770, -5.177499
-7.772092, -8.616674, -5.212833
-7.790122, -8.613779, -5.176711
-7.770285, -8.683760, -5.205766
-7.758389, -8.723179, -5.203073
-7.760735, -8.541212, -5.249331
-7.774590, -8.601359, -5.220919
-7.767374, -8.543227, -5.226938
-7.783334, -8.574134, -5.200511
-7.775896, -8.619219, -5.222924
-7.805986, -8.654657, -5.191580
-7.763443, -8.542803, -5.242606
-7.773702, -8.552402, -5.236105
-7.764511, -8.610888, -5.258015
-7.775424, -8.622465, -5.236790
-7.736260, -8.695354, -5.244134
-7.727179, -8.631094, -5.214680
-7.729452, -8.761169, -5.208102
-7.735068, -8.719833, -5.218526
-7.703593, -8.642046, -5.248038
-7.714685, -8.692406, -5.231772
-7.685774, -8.744279, -5.264413
-7.710140, -8.742117, -5.236449
-7.741309, -8.738848, -5.208642
-7.749022, -8.657968, -5.233320
-7.735861, -8.572206, -5.256880
-7.759608, -8.588139, -5.236034
-7.695981, -8.726858, -5.240892
-7.723390, -8.695415, -5.233975
-7.716672, -8.607162, -5.247535
-7.732554, -8.561243, -5.258851
-7.751567, -8.573427, -5.273182
-7.756780, -8.590858, -5.262068
-7.743110, -8.578633, -5.284848
-7.758716, -8.612988, -5.259103
-7.709267, -8.546926, -5.280438
-7.747241, -8.552890, -5.260374
-7.690581, -8.646900, -5.316602
-7.737707, -8.623520, -5.267540
-7.682728, -8.655987, -5.273360
-7.699469, -8.702771, -5.260588
-7.673690, -8.720779, -5.293125
-7.707630, -8.753297, -5.237369
-7.685727, -8.708804, -5.291787
-7.711085, -8.701548, -5.267673
-7.662398, -8.734230, -5.326037
-7.704114, -8.741858, -5.288902
-7.667232, -8.717388, -5.277210
-7.710361, -8.758153, -5.248634
-7.665806, -8.580734, -5.303160
-7.711575, -8.586094, -5.283158
-7.617929, -8.641232, -5.370186
-7.693916, -8.735337, -5.273475
-7.638209, -8.592944, -5.372669
-7.692090, -8.572451, -5.341647
-7.660568, -8.574203, -5.355884
-7.712770, -8.558949, -5.291020
-7.648407, -8.635252, -5.372575
-7.695312, -8.651038, -5.283072
-7.653789, -8.581548, -5.388534
-7.693461, -8.570249, -5.310782
-7.672361, -8.595580, -5.368281
-7.666939, -8.631759, -5.361275
-7.829669, -8.728427, -4.996288
-7.860981, -8.668056, -4.976580
-7.819348, -8.739470, -5.014531
-7.849088, -8.753512, -4.957753
-7.815971, -8.703041, -5.022815
-7.841755, -8.687886, -4.969677
-7.819278, -8.767475, -4.993810
-7.836544, -8.731384, -4.980480
-7.838397, -8.707897, -4.978876
-7.845972, -8.710311, -4.971579
-7.848224, -8.635459, -4.982955
-7.849698, -8.585073, -4.980858
-7.839504, -8.714299, -4.983587
-7.834806, -8.713750, -4.980996
-7.827756, -8.575542, -5.010601
-7.844303, -8.623919, -4.984607
-7.831373, -8.571116, -5.014556
-7.849310, -8.605996, -4.986717
-7.830374, -8.603579, -4.995450
-7.845606, -8.620891, -5.002362
-7.831148, -8.553282, -5.020447
-7.831170, -8.570811, -5.013738
-7.827998, -8.608577, -5.044983
-7.853411, -8.661483, -5.010389
-7.794449, -8.717903, -5.019690
-7.790635, -8.691736, -5.014606
-7.776815, -8.786399, -5.009300
-7.799980, -8.765372, -5.003824
-7.759252, -8.712030, -5.032834
-7.739746, -8.696733, -5.030426
-7.741392, -8.758842, -5.039733
-7.759699, -8.744719, -5.027920
-7.786247, -8.710970, -5.030747
-7.812899, -8.731173, -4.992538
-7.791539, -8.613960, -5.030722
-7.805562, -8.653036, -5.001765
-7.750086, -8.791923, -5.026620
-7.784581, -8.716791, -5.014392
-7.771922, -8.569468, -5.042678
-7.772020, -8.622302, -5.027217
-7.785320, -8.583463, -5.073003
-7.808808, -8.578853, -5.037559
-7.785536, -8.589384, -5.085421
-7.804864, -8.672894, -5.049445
-7.789243, -8.575035, -5.047295
-7.795937, -8.595929, -5.042787
-7.759576, -8.599293, -5.073340
-7.792343, -8.678732, -5.020174
-7.730141, -8.747369, -5.062802
-7.739234, -8.737816, -5.053528
-7.726528, -8.778694, -5.068609
-7.745789, -8.789760, -5.054509
-7.733896, -8.743168, -5.077923
-7.725953, -8.709391, -5.080351
-7.728131, -8.794699, -5.073822
-7.747494, -8.791597, -5.063665
-7.739853, -8.708857, -5.054250
-7.748104, -8.720992, -5.039705
-7.719467, -8.681738, -5.077536
-7.753379, -8.593198, -5.054890
-7.717907, -8.727099, -5.083292
-7.746443, -8.725470, -5.086236
-7.699240, -8.634704, -5.145515
-7.735044, -8.647306, -5.119080
-7.745758, -8.574711, -5.071540
-7.753518, -8.592289, -5.076928
-7.727701, -8.619854, -5.097136
-7.754185, -8.641452, -5.053058
-7.722723, -8.583768, -5.122564
-7.741327, -8.586577, -5.122405
-7.726980, -8.611409, -5.118817
-7.735086, -8.622334, -5.089831
-7.879097, -8.743145, -4.813523
-7.910180, -8.701374, -4.786747
-7.888599, -8.759319, -4.780941
-7.900932, -8.737945, -4.774174
-7.884956, -8.713936, -4.830983
-7.877552, -8.694851, -4.794200
-7.877230, -8.773061, -4.827995
-7.875820, -8.754616, -4.789696
-7.892134, -8.703943, -4.805490
-7.898182, -8.702261, -4.768436
-7.893144, -8.645666, -4.791896
-7.913306, -8.636547, -4.738740
-7.887126, -8.708170, -4.818124
-7.884868, -8.731053, -4.786110
-7.877807, -8.578129, -4.836902
-7.890211, -8.633539, -4.786943
-7.881291, -8.580481, -4.839790
-7.894356, -8.593937, -4.795393
-7.877045, -8.602151, -4.837810
-7.934656, -8.664721, -4.746551
-7.873807, -8.586969, -4.860023
-7.884242, -8.586973, -4.796689
-7.881265, -8.651985, -4.835677
-7.910616, -8.661145, -4.776675
-7.825659, -8.706656, -4.893151
-7.845825, -8.689795, -4.786325
-7.846238, -8.759782, -4.848066
-7.854009, -8.757986, -4.797469
-7.788723, -8.736966, -4.832881
-7.791233, -8.722534, -4.827304
-7.780554, -8.759371, -4.847302
-7.796137, -8.759182, -4.824349
-7.860406, -8.752672, -4.806473
-7.844319, -8.728117, -4.793908
-7.875559, -8.651798, -4.804945
-7.874742, -8.635125, -4.792037
-7.813161, -8.769777, -4.810407
-7.833885, -8.713211, -4.805035
-7.831802, -8.571649, -4.828100
-7.841422, -8.656528, -4.795402
-7.865561, -8.579945, -4.813342
-7.872050, -8.590714, -4.803516
-7.854166, -8.624051, -4.832638
-7.856564, -8.652767, -4.825233
-7.808418, -8.569646, -4.843034
-7.825122, -8.624524, -4.826674
-7.789173, -8.637646, -4.915091
-7.806846, -8.663823, -4.803489
-7.755009, -8.748491, -4.893435
-7.783296, -8.710892, -4.823445
-7.769191, -8.772063, -4.864817
-7.787695, -8.766990, -4.830033
-7.756022, -8.728155, -4.917564
-7.753022, -8.721189, -4.914315
-7.754138, -8.777011, -4.907365
-7.785667, -8.767923, -4.856789
-7.800728, -8.721047, -4.812139
-7.802277, -8.746170, -4.821350
-7.788476, -8.610485, -4.843093
-7.799694, -8.581425, -4.837967
-7.777347, -8.706804, -4.851027
-7.796320, -8.744757, -4.841242
-7.753295, -8.685896, -4.901103
-7.796215, -8.584356, -4.850414
-7.802523, -8.599337, -4.842294
-7.788792, -8.597375, -4.851754
-7.778432, -8.632477, -4.909297
-7.769022, -8.645985, -4.860884
-7.777684, -8.583459, -4.885645
-7.793047, -8.574380, -4.861596
-7.760034, -8.593659, -4.919922
-7.769632, -8.614272, -4.894448
-7.956251, -8.721416, -4.596484
-7.994885, -8.711804, -4.521584
-7.941153, -8.763306, -4.597075
-7.968264, -8.757692, -4.539969
-7.926994, -8.733869, -4.644020
-7.954647, -8.721709, -4.573555
-7.922132, -8.772175, -4.613537
-7.933212, -8.744935, -4.598991
-7.951798, -8.759577, -4.567722
-7.949395, -8.733686, -4.569354
-7.955587, -8.676049, -4.580945
-7.962546, -8.677685, -4.549174
-7.938890, -8.747677, -4.600590
-7.947111, -8.706540, -4.563816
-7.936030, -8.584775, -4.619431
-7.928796, -8.630794, -4.584219
-7.944336, -8.586200, -4.607864
-7.967539, -8.609576, -4.557625
-7.944795, -8.607816, -4.626464
-7.967345, -8.640082, -4.586368
-7.939912, -8.603057, -4.620157
-7.944463, -8.597456, -4.588232
-7.937536, -8.662553, -4.633050
-7.954795, -8.638615, -4.593992
-7.908237, -8.736053, -4.626493
-7.887089, -8.689885, -4.579593
-7.902743, -8.744181, -4.640391
-7.880476, -8.747005, -4.604259
-7.860367, -8.719349, -4.674706
-7.850636, -8.689142, -4.599081
-7.861857, -8.777274, -4.618498
-7.842772, -8.743854, -4.609910
-7.910140, -8.743684, -4.610057
-7.892682, -8.702173, -4.588168
-7.919600, -8.634939, -4.594876
-7.930081, -8.660786, -4.577208
-7.841109, -8.758647, -4.610489
-7.866458, -8.701767, -4.595525
-7.849656, -8.637144, -4.612399
-7.884223, -8.653344, -4.595405
-7.907227, -8.597692, -4.614591
-7.886478, -8.613240, -4.612885
-7.885444, -8.633893, -4.674811
-7.933099, -8.671862, -4.586964
-7.875444, -8.623514, -4.631880
-7.853473, -8.617096, -4.617237
-7.828099, -8.630046, -4.686069
-7.852301, -8.657090, -4.612168
-7.791847, -8.742555, -4.676177
-7.806169, -8.718481, -4.638425
-7.812724, -8.756927, -4.647015
-7.823062, -8.748987, -4.632845
-7.779635, -8.724863, -4.705098
-7.816069, -8.739576, -4.645667
-7.788826, -8.762488, -4.718014
-7.819691, -8.776640, -4.661633
-7.823858, -8.725636, -4.624383
-7.834623, -8.691222, -4.612201
-7.826998, -8.595901, -4.648460
-7.833509, -8.662046, -4.618449
-7.790389, -8.795054, -4.700869
-7.818021, -8.686938, -4.644073
-7.802832, -8.630712, -4.667031
-7.820894, -8.590292, -4.641919
-7.824952, -8.577367, -4.649366
-7.826241, -8.592552, -4.636091
-7.803249, -8.614306, -4.690706
-7.826444, -8.645918, -4.631719
-7.810344, -8.590940, -4.659863
-7.820945, -8.589990, -4.649421
-7.805985, -8.605557, -4.669863
-7.810135, -8.631360, -4.640039
-8.006613, -8.743938, -4.422296
-8.027695, -8.743538, -4.355749
-8.010398, -8.772413, -4.388428
-8.018577, -8.746933, -4.371154
-8.002439, -8.731738, -4.446793
-7.992935, -8.702544, -4.375694
-7.984668, -8.761571, -4.390392
-7.986324, -8.740315, -4.377313
-7.999128, -8.768004, -4.416125
-8.010439, -8.746344, -4.363910
-8.017922, -8.615074, -4.371440
-8.009021, -8.679281, -4.360654
-7.993433, -8.771070, -4.421151
-8.004610, -8.725257, -4.365109
-7.999400, -8.629756, -4.421234
-7.984396, -8.666877, -4.378663
-8.017188, -8.615262, -4.374723
-8.026027, -8.622676, -4.355873
-8.019740, -8.629662, -4.457375
-8.019914, -8.632045, -4.367629
-7.998693, -8.634349, -4.401135
-7.987285, -8.609724, -4.394809
-7.991518, -8.619319, -4.444198
-8.015030, -8.636830, -4.374574
-7.927407, -8.716081, -4.479675
-7.969145, -8.722189, -4.376878
-7.969710, -8.766056, -4.406574
-7.948743, -8.738332, -4.392302
-7.884771, -8.749120, -4.466208
-7.896648, -8.719465, -4.392428
-7.874814, -8.774353, -4.441779
-7.893997, -8.760707, -4.410762
-7.953269, -8.756698, -4.424335
-7.939902, -8.704516, -4.386649
-7.928049, -8.651925, -4.433918
-7.949076, -8.660603, -4.388755
-7.903023, -8.723489, -4.431521
-7.913226, -8.722094, -4.394133
-7.905940, -8.641521, -4.408351
-7.914767, -8.681231, -4.394147
-7.940040, -8.606819, -4.432953
-7.980045, -8.641408, -4.394571
-7.959991, -8.666464, -4.413391
-7.970498, -8.678740, -4.382956
-7.882591, -8.626620, -4.462094
-7.936852, -8.619945, -4.403689
-7.921921, -8.647607, -4.488431
-7.901814, -8.658641, -4.417894
-7.844379, -8.743947, -4.453273
-7.866223, -8.701815, -4.402328
-7.848593, -8.778038, -4.447565
-7.862748, -8.760390, -4.428756
-7.838093, -8.754701, -4.492909
-7.833007, -8.721550, -4.442977
-7.828987, -8.776212, -4.501730
-7.852520, -8.773559, -4.441755
-7.850462, -8.696895, -4.445265
-7.887212, -8.759207, -4.405608
-7.860839, -8.637536, -4.435673
-7.870913, -8.634488, -4.423033
-7.853181, -8.714240, -4.436882
-7.850511, -8.768057, -4.454647
-7.846252, -8.609834, -4.459599
-7.865379, -8.621716, -4.435787
-7.856665, -8.613462, -4.461451
-7.882752, -8.622362, -4.417559
-7.877788, -8.644482, -4.434099
-7.860958, -8.665949, -4.436111
-7.839934, -8.607787, -4.471557
-7.852548, -8.611684, -4.463367
-7.817756, -8.626391, -4.506664
-7.842247, -8.618398, -4.479271
-8.067520, -8.746611, -4.220881
-8.074047, -8.756452, -4.183510
-8.065472, -8.778605, -4.203331
-8.073425, -8.775292, -4.182908
-8.042755, -8.745250, -4.256025
-8.055034, -8.741969, -4.199779
-8.044281, -8.780348, -4.240987
-8.054174, -8.751919, -4.202826
-8.060050, -8.703499, -4.228648
-8.075567, -8.768927, -4.178239
-8.073003, -8.616380, -4.203418
-8.074601, -8.599542, -4.174888
-8.035908, -8.755408, -4.221614
-8.056307, -8.717096, -4.193896
-8.033702, -8.676988, -4.221408
-8.026088, -8.681620, -4.196314
-8.075743, -8.593113, -4.186455
-8.078883, -8.609558, -4.170065
-8.081253, -8.625189, -4.197623
-8.091727, -8.614072, -4.169596
-8.037935, -8.613282, -4.235318
-8.066778, -8.613108, -4.184033
-8.064635, -8.633628, -4.221457
-8.060764, -8.629354, -4.174791
-8.009942, -8.728291, -4.223482
-8.027703, -8.734918, -4.213426
-8.011253, -8.759826, -4.258999
-8.031006, -8.746386, -4.212377
-7.983196, -8.729698, -4.256235
-7.963817, -8.714240, -4.223161
-7.937422, -8.767542, -4.226830
-7.959995, -8.763811, -4.219773
-8.028688, -8.769628, -4.221874
-8.004712, -8.758459, -4.205163
-8.006047, -8.638906, -4.204627
-8.012153, -8.653278, -4.200490
-7.961938, -8.758805, -4.224924
-7.957933, -8.692064, -4.211846
-7.976050, -8.655645, -4.221236
-7.967624, -8.626978, -4.211070
-8.013192, -8.606698, -4.208590
-8.010801, -8.628254, -4.210296
-8.035358, -8.631284, -4.236506
-8.029870, -8.635476, -4.197548
-7.980221, -8.619731, -4.220400
-7.972023, -8.617744, -4.213875
-7.975625, -8.653410, -4.223372
-7.977338, -8.640562, -4.196069
-7.893788, -8.733262, -4.251835
-7.916912, -8.726368, -4.218347
-7.912949, -8.759810, -4.237462
-7.923415, -8.753328, -4.226494
-7.840341, -8.749609, -4.342225
-7.887048, -8.751720, -4.267603
-7.876505, -8.774694, -4.282035
-7.896184, -8.759531, -4.251770
-7.908794, -8.751618, -4.247037
-7.930892, -8.763678, -4.226821
-7.905500, -8.633887, -4.253800
-7.941962, -8.669202, -4.217418
-7.864539, -8.741549, -4.298510
-7.893918, -8.720426, -4.261528
-7.864993, -8.691111, -4.294277
-7.901739, -8.648905, -4.245500
-7.900142, -8.614201, -4.254572
-7.936998, -8.618826, -4.222593
-7.916875, -8.643993, -4.249171
-7.931575, -8.650742, -4.207992
-7.893903, -8.612141, -4.253436
-7.892827, -8.618570, -4.257229
-7.895351, -8.629231, -4.251669
-7.892508, -8.637989, -4.229445
-8.130013, -8.725994, -4.058114
-8.158243, -8.728253, -3.983945
-8.119872, -8.770690, -4.041069
-8.125303, -8.752038, -4.024365
-8.089401, -8.743958, -4.077331
-8.106209, -8.743448, -4.039981
-8.110696, -8.770599, -4.048848
-8.108667, -8.759265, -4.029819
-8.135725, -8.747311, -4.019564
-8.138594, -8.684928, -4.010188
-8.141877, -8.662580, -4.009238
-8.141826, -8.597322, -3.997196
-8.096109, -8.726827, -4.055832
-8.106285, -8.712912, -4.007169
-8.090409, -8.639036, -4.033425
-8.102167, -8.620111, -4.019975
-8.140947, -8.585852, -4.011110
-8.145763, -8.590369, -4.000787
-8.127413, -8.594161, -4.042955
-8.139005, -8.622129, -4.012799
-8.103324, -8.587498, -4.041902
-8.116492, -8.608526, -4.018834
-8.094862, -8.615104, -4.092323
-8.114884, -8.617047, -4.021337
-8.059412, -8.753496, -4.082617
-8.072741, -8.730007, -4.042440
-8.058343, -8.771209, -4.042666
-8.065710, -8.742099, -4.046844
-8.022934, -8.743042, -4.106306
-8.039941, -8.716476, -4.052059
-8.006628, -8.770088, -4.077741
-7.995821, -8.751559, -4.047401
-8.062727, -8.733426, -4.037374
-8.046326, -8.736842, -4.032945
-8.060819, -8.600785, -4.055921
-8.073558, -8.643544, -4.021713
-8.019307, -8.720853, -4.054654
-8.002973, -8.686001, -4.028843
-8.008837, -8.639862, -4.043807
-8.008037, -8.622453, -4.028963
-8.045547, -8.587955, -4.049516
-8.052211, -8.599229, -4.030534
-8.084396, -8.614682, -4.072338
-8.077390, -8.616489, -4.032185
-8.008240, -8.599193, -4.076383
-8.004009, -8.612937, -4.034163
-8.039816, -8.621761, -4.046164
-8.036655, -8.638041, -4.043658
-7.957104, -8.743028, -4.078037
-7.953575, -8.741182, -4.065030
-7.973361, -8.765716, -4.067491
-7.956971, -8.764958, -4.060767
-7.893664, -8.760456, -4.149117
-7.915293, -8.756987, -4.112019
-7.921255, -8.773555, -4.109016
-7.943051, -8.755516, -4.076328
-7.955490, -8.721111, -4.083198
-7.973526, -8.697378, -4.039349
-7.977232, -8.664151, -4.047973
-7.980843, -8.660208, -4.038334
-7.912957, -8.766443, -4.113459
-7.933735, -8.743137, -4.081544
-7.900903, -8.604520, -4.124907
-7.941067, -8.662084, -4.062971
-7.966433, -8.599923, -4.077168
-7.969493, -8.610335, -4.049136
-7.974231, -8.614575, -4.059594
-7.969326, -8.625955, -4.029666
-7.903157, -8.595304, -4.127452
-7.930942, -8.603278, -4.081012
-7.937359, -8.614853, -4.082026
-7.934790, -8.620723, -4.041076
-8.177835, -8.752880, -3.888352
-8.206465, -8.743857, -3.818709
-8.170955, -8.761040, -3.905909
-8.188458, -8.750182, -3.844258
-8.154529, -8.741444, -3.882854
-8.159289, -8.735301, -3.847014
-8.138990, -8.759366, -3.885566
-8.141091, -8.755334, -3.868074
-8.180673, -8.738007, -3.875692
-8.188835, -8.673466, -3.856704
-8.199431, -8.658337, -3.859117
-8.192086, -8.663549, -3.856967
-8.179770, -8.682004, -3.862564
-8.165332, -8.682754, -3.857807
-8.147964, -8.605927, -3.874217
-8.158296, -8.656948, -3.851006
-8.179045, -8.594230, -3.890979
-8.210490, -8.593010, -3.829096
-8.188498, -8.603989, -3.872049
-8.214253, -8.605438, -3.846403
-8.141295, -8.595359, -3.897349
-8.147902, -8.589276, -3.848873
-8.182194, -8.615129, -3.878125
-8.168012, -8.619367, -3.866055
-8.117055, -8.752414, -3.929739
-8.133492, -8.737198, -3.875937
-8.098665, -8.762221, -3.903376
-8.125311, -8.746777, -3.865116
-8.062917, -8.740183, -3.941939
-8.049412, -8.730772, -3.886652
-8.035240, -8.763159, -3.920322
-8.057476, -8.740834, -3.868209
-8.119048, -8.759660, -3.903966
-8.118629, -8.691299, -3.850302
-8.094156, -8.608359, -3.872904
-8.109534, -8.653906, -3.846984
-8.069268, -8.748297, -3.879310
-8.045700, -8.700158, -3.865165
-8.076688, -8.592354, -3.873380
-8.043077, -8.659334, -3.866028
-8.099751, -8.589468, -3.876842
-8.094313, -8.605527, -3.867459
-8.109811, -8.620317, -3.883154
-8.118673, -8.616912, -3.875822
-8.081141, -8.594114, -3.879447
-8.082339, -8.594007, -3.862157
-8.065922, -8.625148, -3.918697
-8.079366, -8.632768, -3.884229
-8.029680, -8.745774, -3.933264
-8.016953, -8.738120, -3.863753
-8.015143, -8.764900, -3.925104
-8.036838, -8.739664, -3.876189
-7.950377, -8.761316, -3.966522
-7.945423, -8.755715, -3.917138
-7.970054, -8.762010, -3.952933
-7.970897, -8.752803, -3.921311
-7.997477, -8.728487, -3.923226
-8.032552, -8.693200, -3.867750
-8.030672, -8.667420, -3.869691
-8.029063, -8.643697, -3.871746
-7.975107, -8.716630, -3.904116
-7.979729, -8.742649, -3.900004
-7.976696, -8.662124, -3.896543
-7.975390, -8.630405, -3.901965
-8.000883, -8.596429, -3.911648
-8.016793, -8.601346, -3.882530
-8.038395, -8.617203, -3.893585
-8.032974, -8.612555, -3.890288
-7.974407, -8.597237, -3.918380
-7.999811, -8.603083, -3.880765
-7.938434, -8.593039, -3.940158
-7.953280, -8.596886, -3.899246
-8.236315, -8.762462, -3.768000
-8.279273, -8.750227, -3.658528
-8.238804, -8.755841, -3.736590
-8.248384, -8.748528, -3.697404
-8.193193, -8.742717, -3.721937
-8.183426, -8.739796, -3.712132
-8.212211, -8.748405, -3.718773
-8.195013, -8.745317, -3.708660
-8.237548, -8.742977, -3.745341
-8.256794, -8.715649, -3.689771
-8.247119, -8.627255, -3.711195
-8.244616, -8.598277, -3.703306
-8.205650, -8.738179, -3.749767
-8.201113, -8.728848, -3.688752
-8.224566, -8.645520, -3.732615
-8.203055, -8.651176, -3.680512
-8.234041, -8.594150, -3.730984
-8.266717, -8.592620, -3.676108
-8.264528, -8.598878, -3.718532
-8.248471, -8.599120, -3.699316
-8.219548, -8.588801, -3.745269
-8.219422, -8.594609, -3.705343
-8.235722, -8.603160, -3.741444
-8.235447, -8.602499, -3.717602
-8.139274, -8.757383, -3.768613
-8.153864, -8.737927, -3.714669
-8.160287, -8.755889, -3.734102
-8.138597, -8.754353, -3.712742
-8.112841, -8.747271, -3.755293
-8.114096, -8.744485, -3.727449
-8.111236, -8.759153, -3.754991
-8.099969, -8.744028, -3.706829
-8.173633, -8.723336, -3.734736
-8.183964, -8.726098, -3.694053
-8.139975, -8.671947, -3.710621
-8.178231, -8.604611, -3.690665
-8.111422, -8.740701, -3.745775
-8.118630, -8.688629, -3.694705
-8.083138, -8.620356, -3.719437
-8.098411, -8.667968, -3.698879
-8.176580, -8.583378, -3.738204
-8.148405, -8.599763, -3.719988
-8.167737, -8.595914, -3.756537
-8.182134, -8.606152, -3.716283
-8.128697, -8.588147, -3.746155
-8.114847, -8.602215, -3.710096
-8.078633, -8.603018, -3.760445
-8.116635, -8.613211, -3.723216
-8.073812, -8.750480, -3.758931
-8.041350, -8.754193, -3.725586
-8.035899, -8.741610, -3.751042
-8.047359, -8.738894, -3.726095
-7.976672, -8.766505, -3.790193
-8.020160, -8.756552, -3.748803
-7.976826, -8.760110, -3.814456
-8.024408, -8.742496, -3.729995
-8.050033, -8.689220, -3.733793
-8.084867, -8.694679, -3.706362
-8.052805, -8.637589, -3.743550
-8.061090, -8.657935, -3.716384
-7.986003, -8.687875, -3.786954
-7.995994, -8.735423, -3.762068
-8.015600, -8.665917, -3.740782
-8.015897, -8.632871, -3.736737
-8.049055, -8.594713, -3.753964
-8.047416, -8.601258, -3.730989
-8.044106, -8.595641, -3.789721
-8.087257, -8.606370, -3.703885
-8.020657, -8.590011, -3.790844
-8.017063, -8.593422, -3.738995
-7.983772, -8.584219, -3.812367
-8.028488, -8.596538, -3.706161
-8.325882, -8.771180, -3.577783
-8.320671, -8.756387, -3.523510
-8.310117, -8.756481, -3.589477
-8.295714, -8.750348, -3.536790
-8.242682, -8.748998, -3.576972
-8.253984, -8.748444, -3.528024
-8.278578, -8.752883, -3.589324
-8.241418, -8.745454, -3.557170
-8.314303, -8.735249, -3.553999
-8.306455, -8.724471, -3.542490
-8.288039, -8.599328, -3.570482
-8.307334, -8.618523, -3.547339
-8.278811, -8.713558, -3.586185
-8.273096, -8.712474, -3.530650
-8.271082, -8.643049, -3.563425
-8.272273, -8.642417, -3.540553
-8.294407, -8.589449, -3.588217
-8.291820, -8.593379, -3.566517
-8.288583, -8.587603, -3.603545
-8.309849, -8.595448, -3.540159
-8.258853, -8.586425, -3.606312
-8.270708, -8.596284, -3.570096
-8.282676, -8.596300, -3.580186
-8.294018, -8.598010, -3.553003
-8.196857, -8.752716, -3.603753
-8.232685, -8.745639, -3.553511
-8.193943, -8.753509, -3.587258
-8.214446, -8.749082, -3.564827
-8.141525, -8.755456, -3.604918
-8.172287, -8.748601, -3.545056
-8.137424, -8.756586, -3.605073
-8.168691, -8.747438, -3.564318
-8.196050, -8.684256, -3.586755
-8.196043, -8.712172, -3.546526
-8.240732, -8.621015, -3.586160
-8.202409, -8.668686, -3.543345
-8.138196, -8.741002, -3.578544
-8.163921, -8.699556, -3.550548
-8.158074, -8.645775, -3.594761
-8.169242, -8.651865, -3.553143
-8.189958, -8.595243, -3.595941
-8.201976, -8.603050, -3.556728
-8.244209, -8.592966, -3.603057
-8.211652, -8.605623, -3.543957
-8.149282, -8.596542, -3.598048
-8.137921, -8.606525, -3.553464
-8.150227, -8.597212, -3.604519
-8.184504, -8.604865, -3.549474
-8.103477, -8.758847, -3.605105
-8.115726, -8.756181, -3.566893
-8.122633, -8.756131, -3.603305
-8.115008, -8.750545, -3.571637
-8.053132, -8.770780, -3.647490
-8.079814, -8.769637, -3.572158
-8.061286, -8.755024, -3.625142
-8.073704, -8.754407, -3.597090
-8.089654, -8.674865, -3.581113
-8.114301, -8.729133, -3.562274
-8.110666, -8.623381, -3.588496
-8.091093, -8.670750, -3.578636
-8.050464, -8.679363, -3.610806
-8.070891, -8.695784, -3.577728
-8.046075, -8.656466, -3.627520
-8.049480, -8.640299, -3.588711
-8.094636, -8.595966, -3.607125
-8.087440, -8.593319, -3.567967
-8.098262, -8.590949, -3.616551
-8.116442, -8.596753, -3.551824
-8.044543, -8.586341, -3.631797
-8.056135, -8.582672, -3.574569
-8.024871, -8.572235, -3.662346
-8.057878, -8.582886, -3.574761
-8.390578, -8.781872, -3.431823
-8.362046, -8.763438, -3.385597
-8.373187, -8.768539, -3.444729
-8.345352, -8.757109, -3.401693
-8.325677, -8.765862, -3.464391
-8.337931, -8.765509, -3.415771
-8.299450, -8.760317, -3.475735
-8.292558, -8.750545, -3.414038
-8.346924, -8.707879, -3.466079
-8.366213, -8.731776, -3.412505
-8.370400, -8.672692, -3.419417
-8.338690, -8.652866, -3.403067
-8.333152, -8.678072, -3.459095
-8.324694, -8.693772, -3.393590
-8.325662, -8.601898, -3.468238
-8.320994, -8.610346, -3.389737
-8.362654, -8.592987, -3.443398
-8.369398, -8.596947, -3.402278
-8.365002, -8.578112, -3.432167
-8.345618, -8.587111, -3.395653
-8.291115, -8.597379, -3.446396
-8.328915, -8.595895, -3.400747
-8.297848, -8.588089, -3.455544
-8.296826, -8.590545, -3.415770
-8.240863, -8.769378, -3.474501
-8.243711, -8.754972, -3.419856
-8.263401, -8.754718, -3.439439
-8.264533, -8.750631, -3.401478
-8.203691, -8.773329, -3.491478
-8.193606, -8.763482, -3.415562
-8.181212, -8.755897, -3.478086
-8.227043, -8.753670, -3.431529
-8.268421, -8.718184, -3.468265
-8.242414, -8.735394, -3.416319
-8.238862, -8.631507, -3.470508
-8.270309, -8.643975, -3.401581
-8.192770, -8.686490, -3.428977
-8.224413, -8.677916, -3.402509
-8.183275, -8.633378, -3.444544
-8.205150, -8.611268, -3.420256
-8.281307, -8.599751, -3.432595
-8.282309, -8.599725, -3.399847
-8.292402, -8.584736, -3.476278
-8.278585, -8.592976, -3.411242
-8.198849, -8.599422, -3.439825
-8.203616, -8.606270, -3.421265
-8.193424, -8.575905, -3.496544
-8.203715, -8.592841, -3.424282
-8.122578, -8.777445, -3.497867
-8.137937, -8.771317, -3.412377
-8.142550, -8.753634, -3.462858
-8.154103, -8.758554, -3.440972
-8.126383, -8.769919, -3.459193
-8.131251, -8.768600, -3.421984
-8.119141, -8.757802, -3.491882
-8.128378, -8.743121, -3.433173
-8.174307, -8.734600, -3.444582
-8.143742, -8.686201, -3.430975
-8.166771, -8.614146, -3.448052
-8.141142, -8.616359, -3.410558
-8.105204, -8.716250, -3.468699
-8.101953, -8.704980, -3.452923
-8.089170, -8.664254, -3.486881
-8.113444, -8.628792, -3.418112
-8.153053, -8.601549, -3.441160
-8.136393, -8.597898, -3.411880
-8.110097, -8.566568, -3.503692
-8.125193, -8.574057, -3.394677
-8.110460, -8.595680, -3.451336
-8.102057, -8.583157, -3.431111
-8.056546, -8.557361, -3.479428
-8.086262, -8.571872, -3.431832
-8.426075, -8.795095, -3.341636
-8.412771, -8.770226, -3.278175
-8.414162, -8.775661, -3.334864
-8.392949, -8.763906, -3.275307
-8.395785, -8.783661, -3.305208
-8.370121, -8.765975, -3.289371
-8.370152, -8.766063, -3.317932
-8.378427, -8.760126, -3.302055
-8.401749, -8.743158, -3.319436
-8.401207, -8.689913, -3.262548
-8.423927, -8.671529, -3.326259
-8.412064, -8.611575, -3.262292
-8.362761, -8.700423, -3.331732
-8.369553, -8.726528, -3.271870
-8.382748, -8.662951, -3.296136
-8.350384, -8.613123, -3.292643
-8.407547, -8.601708, -3.309528
-8.410889, -8.582107, -3.257162
-8.436155, -8.557061, -3.296914
-8.441980, -8.566631, -3.276415
-8.382829, -8.582074, -3.351568
-8.356072, -8.591249, -3.278432
-8.363571, -8.564912, -3.364860
-8.365738, -8.581337, -3.259221
-8.326126, -8.764519, -3.312164
-8.326770, -8.763497, -3.268924
-8.291236, -8.760499, -3.329412
-8.290715, -8.757889, -3.288349
-8.231987, -8.770612, -3.342198
-8.266817, -8.763601, -3.275272
-8.220578, -8.749565, -3.350403
-8.277086, -8.746112, -3.286416
-8.287401, -8.724063, -3.308237
-8.333903, -8.721666, -3.292841
-8.304576, -8.673416, -3.313884
-8.284434, -8.653682, -3.285641
-8.228838, -8.696476, -3.308711
-8.279625, -8.726894, -3.271579
-8.247875, -8.624493, -3.322452
-8.234004, -8.659290, -3.299785
-8.327322, -8.583166, -3.351832
-8.283417, -8.591895, -3.281308
-8.310947, -8.584342, -3.321673
-8.320028, -8.586986, -3.272495
-8.251184, -8.599887, -3.306773
-8.279991, -8.600803, -3.278085
-8.275294, -8.565389, -3.365504
-8.224415, -8.570098, -3.262984
-8.203507, -8.780552, -3.345413
-8.198105, -8.766585, -3.301049
-8.189566, -8.755456, -3.326287
-8.184087, -8.748704, -3.314841
-8.130480, -8.798830, -3.353619
-8.157955, -8.791856, -3.276583
-8.150357, -8.764719, -3.372320
-8.156682, -8.770027, -3.318414
-8.215487, -8.687039, -3.306218
-8.202866, -8.736670, -3.289001
-8.222733, -8.631679, -3.310750
-8.194292, -8.629701, -3.301876
-8.162555, -8.702419, -3.351201
-8.168425, -8.678076, -3.295756
-8.132651, -8.640211, -3.363910
-8.172674, -8.660589, -3.285575
-8.202157, -8.589408, -3.332519
-8.213438, -8.592954, -3.304347
-8.162437, -8.566467, -3.343302
-8.211661, -8.579834, -3.282486
-8.145317, -8.585429, -3.319540
-8.146681, -8.579300, -3.306974
-8.141277, -8.573460, -3.325196
-8.119054, -8.560324, -3.298372
-8.458983, -8.797355, -3.226545
-8.486327, -8.787913, -3.161537
-8.447294, -8.748959, -3.212055
-8.468639, -8.762601, -3.141023
-8.407545, -8.796760, -3.232779
-8.428361, -8.774323, -3.150594
-8.431624, -8.771709, -3.202522
-8.397651, -8.767601, -3.154487
-8.453038, -8.706370, -3.228242
-8.461324, -8.691711, -3.146589
-8.478043, -8.655263, -3.205774
-8.454585, -8.638589, -3.157120
-8.416151, -8.730543, -3.189632
-8.440298, -8.704412, -3.150764
-8.426392, -8.645351, -3.226184
-8.421285, -8.666810, -3.159683
-8.487250, -8.596306, -3.178701
-8.462780, -8.589687, -3.164506
-8.491211, -8.541906, -3.198932
-8.493007, -8.559551, -3.162998
-8.403098, -8.582402, -3.194316
-8.420786, -8.591476, -3.181037
-8.406645, -8.564649, -3.185677
-8.393333, -8.578034, -3.180157
-8.353431, -8.786568, -3.220923
-8.346014, -8.781522, -3.168506
-8.372958, -8.748515, -3.199717
-8.357749, -8.744614, -3.171556
-8.277286, -8.792829, -3.249362
-8.322960, -8.776964, -3.182214
-8.300836, -8.749401, -3.190472
-8.321980, -8.765376, -3.162565
-8.379362, -8.743888, -3.192369
-8.379950, -8.709968, -3.151988
-8.368179, -8.613690, -3.211352
-8.333213, -8.631262, -3.157944
-8.283865, -8.700606, -3.218410
-8.277726, -8.731103, -3.184574
-8.325226, -8.658260, -3.194043
-8.295189, -8.648984, -3.179824
-8.328651, -8.593086, -3.227991
-8.358081, -8.595441, -3.157116
-8.369215, -8.556428, -3.203236
-8.344575, -8.568241, -3.149699
-8.298347, -8.593777, -3.213529
-8.301767, -8.590589, -3.166156
-8.264082, -8.554400, -3.213224
-8.280602, -8.563834, -3.158455
-8.257010, -8.794523, -3.229363
-8.215049, -8.805468, -3.153777
-8.254591, -8.762177, -3.230802
-8.255400, -8.754650, -3.194642
-8.158546, -8.793535, -3.232616
-8.195403, -8.801464, -3.175439
-8.163268, -8.769002, -3.254625
-8.177541, -8.752407, -3.169727
-8.246715, -8.743634, -3.225339
-8.240288, -8.691724, -3.164501
-8.243433, -8.655345, -3.203834
-8.251729, -8.672824, -3.187651
-8.157322, -8.694840, -3.222188
-8.212976, -8.712424, -3.182745
-8.169168, -8.611094, -3.253195
-8.165461, -8.643848, -3.202868
-8.265185, -8.596417, -3.205610
-8.216408, -8.598400, -3.194789
-8.225241, -8.551455, -3.206722
-8.220264, -8.563849, -3.165133
-8.162713, -8.583618, -3.227225
-8.168469, -8.579803, -3.192332
-8.173511, -8.560001, -3.222822
-8.192284, -8.551776, -3.154985
-8.516064, -8.818263, -3.135365
-8.530910, -8.797551, -3.032735
-8.546961, -8.775010, -3.101536
-8.542619, -8.777575, -3.035898
-8.461318, -8.803260, -3.094610
-8.444616, -8.794932, -3.046623
-8.449156, -8.771993, -3.104196
-8.463984, -8.747212, -3.068859
-8.530510, -8.709001, -3.126342
-8.500191, -8.705462, -3.039341
-8.515977, -8.628877, -3.104442
-8.521010, -8.665603, -3.037076
-8.440430, -8.686353, -3.120748
-8.478995, -8.732864, -3.035910
-8.457776, -8.637134, -3.109626
-8.469369, -8.656237, -3.051889
-8.502879, -8.579205, -3.084521
-8.547089, -8.569473, -3.040033
-8.517054, -8.533053, -3.098324
-8.511901, -8.557540, -3.072195
-8.470085, -8.584988, -3.106862
-8.459032, -8.593489, -3.059015
-8.502523, -8.549689, -3.106910
-8.493368, -8.559671, -3.046650
-8.404895, -8.793619, -3.128398
-8.412052, -8.791244, -3.046997
-8.425244, -8.760362, -3.090597
-8.433025, -8.742939, -3.049750
-8.337425, -8.787799, -3.087052
-8.337958, -8.789324, -3.079896
-8.322097, -8.770315, -3.121879
-8.369341, -8.772256, -3.051900
-8.403667, -8.697444, -3.100612
-8.381603, -8.704654, -3.052821
-8.386044, -8.607897, -3.086580
-8.436550, -8.609552, -3.053426
-8.330817, -8.734166, -3.114904
-8.364575, -8.727633, -3.060796
-8.364205, -8.638126, -3.106812
-8.367731, -8.641845, -3.070594
-8.435750, -8.587405, -3.087374
-8.380860, -8.574284, -3.076112
-8.398093, -8.556135, -3.100683
-8.417914, -8.565547, -3.080027
-8.356585, -8.585457, -3.130396
-8.362492, -8.601567, -3.047061
-8.316813, -8.534938, -3.121773
-8.362483, -8.567854, -3.061045
-8.273587, -8.819023, -3.148221
-8.260149, -8.811983, -3.037265
-8.294129, -8.751917, -3.106542
-8.268366, -8.767059, -3.087199
-8.188406, -8.800673, -3.133383
-8.251580, -8.790771, -3.045314
-8.195199, -8.792402, -3.137879
-8.207822, -8.756992, -3.060189
-8.302129, -8.686775, -3.085036
-8.314472, -8.680438, -3.057814
-8.292440, -8.640600, -3.120477
-8.314370, -8.609207, -3.082960
-8.241030, -8.744147, -3.119938
-8.258670, -8.717746, -3.058868
-8.224908, -8.643853, -3.128656
-8.261316, -8.649809, -3.058387
-8.277056, -8.592103, -3.100378
-8.282434, -8.587601, -3.056521
-8.286394, -8.560907, -3.122742
-8.268594, -8.554339, -3.057576
-8.238545, -8.577355, -3.091685
-8.210406, -8.590036, -3.070191
-8.207944, -8.522716, -3.143709
-8.209945, -8.552443, -3.060276
-8.613520, -8.810695, -3.020384
-8.576392, -8.833491, -2.959665
-8.598341, -8.747236, -2.987241
-8.559650, -8.749361, -2.948243
-8.540650, -8.821606, -3.007512
-8.530880, -8.791138, -2.965848
-8.507511, -8.748193, -3.023074
-8.500062, -8.745755, -2.946218
-8.589714, -8.686270, -3.025833
-8.600567, -8.709502, -2.930179
-8.591130, -8.651724, -3.003229
-8.587376, -8.659973, -2.947307
-8.506218, -8.738025, -3.003021
-8.514453, -8.716637, -2.979960
-8.550273, -8.635693, -2.997065
-8.546209, -8.658836, -2.980036
-8.581984, -8.581782, -3.031226
-8.564083, -8.578732, -2.944327
-8.584309, -8.526470, -3.012627
-8.609288, -8.551612, -2.957312
-8.509343, -8.600274, -3.030383
-8.522223, -8.566459, -2.959235
-8.506080, -8.560782, -2.987825
-8.517724, -8.552028, -2.937601
-8.447117, -8.831330, -3.036317
-8.429414, -8.808208, -2.984350
-8.472122, -8.757676, -3.020133
-8.478341, -8.776866, -2.953305
-8.388175, -8.793321, -3.003415
-8.375879, -8.804542, -2.953831
-8.393479, -8.788306, -3.036710
-8.421409, -8.750749, -2.964163
-8.444649, -8.726573, -2.984210
-8.440119, -8.695416, -2.971828
-8.432953, -8.639451, -3.015936
-8.457589, -8.660506, -2.963633
-8.400722, -8.713691, -3.010864
-8.371708, -8.717999, -2.980565
-8.393239, -8.607916, -3.000115
-8.386947, -8.627598, -2.962538
-8.474684, -8.596050, -3.007714
-8.474055, -8.590149, -2.975414
-8.466502, -8.535025, -3.020936
-8.481406, -8.545119, -2.953526
-8.422507, -8.569112, -3.002874
-8.425412, -8.569543, -2.955272
-8.371700, -8.528307, -3.038681
-8.388235, -8.532361, -2.959424
-8.318704, -8.804774, -3.006215
-8.332390, -8.810277, -2.947986
-8.311697, -8.769169, -3.034666
-8.338476, -8.750591, -2.969924
-8.245491, -8.828907, -3.044895
-8.267871, -8.826742, -2.930910
-8.244974, -8.772059, -3.010881
-8.248258, -8.756283, -2.978725
-8.322030, -8.677073, -3.012304
-8.360817, -8.714943, -2.980829
-8.359323, -8.622529, -3.024891
-8.355674, -8.634393, -2.942037
-8.292852, -8.712037, -2.993262
-8.250257, -8.719187, -2.983274
-8.272623, -8.645769, -3.044976
-8.268065, -8.642085, -2.961990
-8.335390, -8.591072, -3.016646
-8.314036, -8.587202, -2.975039
-8.302852, -8.541807, -2.999463
-8.312528, -8.528458, -2.960728
-8.263993, -8.585671, -2.994311
-8.257146, -8.559294, -2.987849
-8.275506, -8.552121, -3.013569
-8.249018, -8.527149, -2.976856
-8.641953, -8.836187, -2.902853
-8.649833, -8.835892, -2.873552
-8.614671, -8.783633, -2.927251
-8.613602, -8.775586, -2.869638
-8.567601, -8.819961, -2.904362
-8.565735, -8.849323, -2.894678
-8.546445, -8.771449, -2.905075
-8.591996, -8.793137, -2.879074
-8.651837, -8.713616, -2.938790
-8.659749, -8.693655, -2.876525
-8.656343, -8.649449, -2.912687
-8.667498, -8.609706, -2.875831
-8.543623, -8.714812, -2.935896
-8.584313, -8.687960, -2.852299
-8.586713, -8.615515, -2.944190
-8.580587, -8.670841, -2.871525
-8.648314, -8.600536, -2.921004
-8.665366, -8.561456, -2.859137
-8.628014, -8.494024, -2.957628
-8.654246, -8.542681, -2.876502
-8.604418, -8.590886, -2.902734
-8.551208, -8.599963, -2.866170
-8.582101, -8.539228, -2.950295
-8.589218, -8.546687, -2.855547
-8.493403, -8.820193, -2.958802
-8.534541, -8.807432, -2.844697
-8.531180, -8.782753, -2.924134
-8.485055, -8.760611, -2.867168
-8.471386, -8.814622, -2.930740
-8.461608, -8.828499, -2.863646
-8.437805, -8.750206, -2.914424
-8.470881, -8.796273, -2.853605
-8.483932, -8.729527, -2.904339
-8.515312, -8.688423, -2.874715
-8.475685, -8.617492, -2.899695
-8.497048, -8.616363, -2.852371
-8.447245, -8.697836, -2.925961
-8.436517, -8.687680, -2.889367
-8.424398, -8.646975, -2.933122
-8.460329, -8.644951, -2.871073
-8.486273, -8.574625, -2.922816
-8.491256, -8.563072, -2.850648
-8.526281, -8.501207, -2.900562
-8.519112, -8.499369, -2.872911
-8.433894, -8.581568, -2.910946
-8.471239, -8.556794, -2.849231
-8.412350, -8.519641, -2.941716
-8.457431, -8.540192, -2.895368
-8.399656, -8.809941, -2.930828
-8.361810, -8.802284, -2.883175
-8.375001, -8.797093, -2.917203
-8.361856, -8.756411, -2.880717
-8.286068, -8.812350, -2.930614
-8.294747, -8.827131, -2.873951
-8.339631, -8.782660, -2.952391
-8.324248, -8.769261, -2.871945
-8.347270, -8.728384, -2.937426
-8.349963, -8.688218, -2.850478
-8.359765, -8.611712, -2.908092
-8.378423, -8.650443, -2.849576
-8.279107, -8.728764, -2.908598
-8.314531, -8.723964, -2.888862
-8.327560, -8.611110, -2.952182
-8.306987, -8.619253, -2.849871
-8.393252, -8.581479, -2.904055
-8.399114, -8.559067, -2.856768
-8.370340, -8.531658, -2.935151
-8.385082, -8.533417, -2.853358
-8.309022, -8.601830, -2.905851
-8.304760, -8.593309, -2.853403
-8.323907, -8.504340, -2.952880
-8.270471, -8.533077, -2.893065
-8.708795, -8.861844, -2.869435
-8.727426, -8.858275, -2.790233
-8.709862, -8.790929, -2.882636
-8.707328, -8.763093, -2.811468
-8.631223, -8.857603, -2.819626
-8.600322, -8.836438, -2.766183
-8.642751, -8.768392, -2.849550
-8.628346, -8.754256, -2.772415
-8.688448, -8.720360, -2.876513
-8.709267, -8.684618, -2.808082
-8.681458, -8.654302, -2.876529
-8.674992, -8.622296, -2.757190
-8.663661, -8.740173, -2.873538
-8.606034, -8.707850, -2.765589
-8.622582, -8.641949, -2.869385
-8.622983, -8.673412, -2.760916
-8.699069, -8.562104, -2.823087
-8.721069, -8.588558, -2.783465
-8.684950, -8.476143, -2.880128
-8.717226, -8.475631, -2.772318
-8.660995, -8.569331, -2.845025
-8.628163, -8.578097, -2.807961
-8.607655, -8.530659, -2.862137
-8.609496, -8.513027, -2.792679
-8.553003, -8.818092, -2.877626
-8.563567, -8.815851, -2.796759
-8.587944, -8.804684, -2.846305
-8.568013, -8.767920, -2.819449
-8.468144, -8.864996, -2.831563
-8.460464, -8.855651, -2.775180
-8.480597, -8.787045, -2.873310
-8.522394, -8.764233, -2.793409
-8.564095, -8.699321, -2.860107
-8.594013, -8.694142, -2.806180
-8.537966, -8.636498, -2.865075
-8.557499, -8.669266, -2.813792
-8.459622, -8.702757, -2.868609
-8.485840, -8.746452, -2.809008
-8.461485, -8.634054, -2.864594
-8.518856, -8.617077, -2.757881
-8.584712, -8.601718, -2.880490
-8.571349, -8.551142, -2.795982
-8.527981, -8.530056, -2.866340
-8.584086, -8.486978, -2.755127
-8.487615, -8.578153, -2.832564
-8.483620, -8.575969, -2.805363
-8.465245, -8.503085, -2.851843
-8.503828, -8.502359, -2.794750
-8.388413, -8.824774, -2.830657
-8.408225, -8.849385, -2.753193
-8.405090, -8.792154, -2.825824
-8.383805, -8.802172, -2.794830
-8.365916, -8.864920, -2.868219
-8.339573, -8.834658, -2.768922
-8.348882, -8.767665, -2.835795
-8.334032, -8.803437, -2.798617
-8.436162, -8.711390, -2.863860
-8.441386, -8.728073, -2.774907
-8.408259, -8.629311, -2.868180
-8.404340, -8.630922, -2.797188
-8.381676, -8.702595, -2.839671
-8.373138, -8.689683, -2.767750
-8.336345, -8.635508, -2.827825
-8.318486, -8.620699, -2.781404
-8.404786, -8.593840, -2.870471
-8.396562, -8.574770, -2.761752
-8.414969, -8.540322, -2.840102
-8.383781, -8.532721, -2.768779
-8.351442, -8.602468, -2.824768
-8.321643, -8.559316, -2.805896
-8.312116, -8.514981, -2.858840
-8.370208, -8.524488, -2.771510
-8.784900, -8.834618, -2.780564
-8.751901, -8.832473, -2.743609
-8.734036, -8.804767, -2.773616
-8.789155, -8.782780, -2.735791
-8.685892, -8.838944, -2.771010
-8.651154, -8.851336, -2.687383
-8.710047, -8.779877, -2.807478
-8.684065, -8.777506, -2.698098
-8.785048, -8.700788, -2.761420
-8.739288, -8.696095, -2.718655
-8.742409, -8.666294, -2.792618
-8.759960, -8.602951, -2.691900
-8.695679, -8.712384, -2.754629
-8.705614, -8.701324, -2.738269
-8.689389, -8.602390, -2.778444
-8.669184, -8.622999, -2.714210
-8.737763, -8.595188, -2.762554
-8.778254, -8.562654, -2.687856
-8.762581, -8.496574, -2.771712
-8.764443, -8.468428, -2.742264
-8.687683, -8.561337, -2.796477
-8.704473, -8.541581, -2.730610
-8.656013, -8.523141, -2.750592
-8.711709, -8.475577, -2.681625
-8.623095, -8.850324, -2.748076
-8.626689, -8.852661, -2.681652
-8.588284, -8.800133, -2.803000
-8.609745, -8.806169, -2.689815
-8.517546, -8.830789, -2.775445
-8.513331, -8.866283, -2.681068
-8.522657, -8.766627, -2.806871
-8.505289, -8.814027, -2.720589
-8.617805, -8.734994, -2.811606
-8.582852, -8.718111, -2.727702
-8.577031, -8.630283, -2.802041
-8.607774, -8.607239, -2.738934
-8.565937, -8.719817, -2.810795
-8.572654, -8.720114, -2.716172
-8.509150, -8.614047, -2.777438
-8.508981, -8.617308, -2.741707
-8.614924, -8.561202, -2.773612
-8.578481, -8.571918, -2.727635
-8.610779, -8.523603, -2.793405
-8.633953, -8.500680, -2.693606
-8.557585, -8.579367, -2.750597
-8.531363, -8.596881, -2.726005
-8.529089, -8.512505, -2.800462
-8.514165, -8.491386, -2.702808
-8.439528, -8.822814, -2.790853
-8.434203, -8.832478, -2.732512
-8.438503, -8.772017, -2.759049
-8.475536, -8.804729, -2.700953
-8.423529, -8.839056, -2.764511
-8.368488, -8.827139, -2.733720
-8.370105, -8.758242, -2.758372
-8.382730, -8.759967, -2.729608
-8.484821, -8.721241, -2.750891
-8.497790, -8.719026, -2.682813
-8.435392, -8.671962, -2.771900
-8.477740, -8.636320, -2.721231
-8.373572, -8.702746, -2.773939
-8.403079, -8.739120, -2.720169
-8.361275, -8.666034, -2.793958
-8.403399, -8.612890, -2.691192
-8.499786, -8.580670, -2.748495
-8.466893, -8.551284, -2.737795
-8.442329, -8.514754, -2.811312
-8.440603, -8.471609, -2.735037
-8.416965, -8.588674, -2.745451
-8.410732, -8.580157, -2.739574
-8.423184, -8.481636, -2.748941
-8.412498, -8.470753, -2.680768
-8.839303, -8.870655, -2.723744
-8.847076, -8.848891, -2.628550
-8.792196, -8.809713, -2.735313
-8.820823, -8.784096, -2.678804
-8.737062, -8.891070, -2.686868
-8.712494, -8.893796, -2.640077
-8.709764, -8.800901, -2.699613
-8.758505, -8.783566, -2.613165
-8.778725, -8.692740, -2.733392
-8.777637, -8.712913, -2.635570
-8.807528, -8.633735, -2.726556
-8.810669, -8.658326, -2.606326
-8.727414, -8.747815, -2.700950
-8.746467, -8.722151, -2.608116
-8.704138, -8.644504, -2.720149
-8.766074, -8.657722, -2.660611
-8.823519, -8.553332, -2.715821
-8.812094, -8.553302, -2.643646
-8.792511, -8.461710, -2.698696
-8.815212, -8.503415, -2.612329
-8.709594, -8.536334, -2.752992
-8.717467, -8.576724, -2.651121
-8.772930, -8.479510, -2.713276
-8.749721, -8.503057, -2.628215
-8.654390, -8.877845, -2.752050
-8.692636, -8.878541, -2.614893
-8.649386, -8.772173, -2.699075
-8.649766, -8.811722, -2.651098
-8.571650, -8.850820, -2.689580
-8.609172, -8.879797, -2.609552
-8.583355, -8.778931, -2.741099
-8.594354, -8.797734, -2.637578
-8.697948, -8.680661, -2.700983
-8.662245, -8.715777, -2.665053
-8.691750, -8.671315, -2.734693
-8.633307, -8.665293, -2.611081
-8.594078, -8.725019, -2.685017
-8.580805, -8.726409, -2.624232
-8.613733, -8.640749, -2.748019
-8.579485, -8.655584, -2.641674
-8.692346, -8.577274, -2.683553
-8.679942, -8.593403, -2.648768
-8.652992, -8.457277, -2.709664
-8.632345, -8.495765, -2.672432
-8.609084, -8.556351, -2.709541
-8.575776, -8.599677, -2.626432
-8.590933, -8.486423, -2.705219
-8.622839, -8.455424, -2.621307
-8.512426, -8.840049, -2.747457
-8.531631, -8.839720, -2.669911
-8.533147, -8.775259, -2.744869
-8.502794, -8.813839, -2.665967
-8.411779, -8.876796, -2.718105
-8.454708, -8.886358, -2.667769
-8.417299, -8.783649, -2.746267
-8.438074, -8.774113, -2.658327
-8.545393, -8.716717, -2.713650
-8.535500, -8.676908, -2.661519
-8.508850, -8.621969, -2.726479
-8.514156, -8.601396, -2.636595
-8.427937, -8.678537, -2.742660
-8.412127, -8.700335, -2.635815
-8.463491, -8.661762, -2.728185
-8.419765, -8.624764, -2.642865
-8.516452, -8.556226, -2.715390
-8.499696, -8.530003, -2.643515
-8.497089, -8.481224, -2.732548
-8.525322, -8.511529, -2.608330
-8.472319, -8.547091, -2.724027
-8.442934, -8.536937, -2.625040
-8.426518, -8.458138, -2.685580
-8.414885, -8.502032, -2.673049
-8.894143, -8.889220, -2.676931
-8.876142, -8.843433, -2.572003
-8.894003, -8.796155, -2.678710
-8.879653, -8.813854, -2.568923
-8.774630, -8.864012, -2.692866
-8.774138, -8.857855, -2.558149
-8.801778, -8.805942, -2.690630
-8.771801, -8.784433, -2.613385
-8.868442, -8.706269, -2.661066
-8.868884, -8.733756, -2.552043
-8.877603, -8.674038, -2.637155
-8.887046, -8.636155, -2.619189
-8.759531, -8.749538, -2.690458
-8.758117, -8.711016, -2.551832
-8.781542, -8.658969, -2.680313
-8.750503, -8.663499, -2.582385
-8.831055, -8.554132, -2.642571
-8.842719, -8.580355, -2.622430
-8.829186, -8.485771, -2.698838
-8.893476, -8.473691, -2.564835
-8.822011, -8.579717, -2.682965
-8.752292, -8.580482, -2.610451
-8.780436, -8.454189, -2.691623
-8.804647, -8.465637, -2.621889
-8.700403, -8.875637, -2.695131
-8.677073, -8.872577, -2.552243
-8.708600, -8.786471, -2.647498
-8.681721, -8.824073, -2.609506
-8.647153, -8.866665, -2.683026
-8.656371, -8.847967, -2.572677
-8.620348, -8.757852, -2.647187
-8.616042, -8.771282, -2.589851
-8.683203, -8.703190, -2.694734
-8.736059, -8.734668, -2.571147
-8.690734, -8.613693, -2.668278
-8.682514, -8.651946, -2.590024
-8.641406, -8.675570, -2.645038
-8.631371, -8.730530, -2.582118
-8.648291, -8.629804, -2.648205
-8.661078, -8.642208, -2.571903
-8.725944, -8.553208, -2.676685
-8.697296, -8.565592, -2.564285
-8.737630, -8.451930, -2.658720
-8.676766, -8.489420, -2.562593
-8.613716, -8.599717, -2.669929
-8.610482, -8.585013, -2.556700
-8.628637, -8.480377, -2.681494
-8.671399, -8.504407, -2.553967
-8.572110, -8.831663, -2.691290
-8.580700, -8.876582, -2.616571
-8.574639, -8.813371, -2.687706
-8.586330, -8.781312, -2.608880
-8.454659, -8.857709, -2.697394
-8.522013, -8.896285, -2.622892
-8.503320, -8.823757, -2.648991
-8.462129, -8.802876, -2.553609
-8.570165, -8.705021, -2.663059
-8.589569, -8.737587, -2.585711
-8.591795, -8.622767, -2.662069
-8.531466, -8.629366, -2.583865
-8.524312, -8.691003, -2.666191
-8.498558, -8.717898, -2.567090
-8.451044, -8.606281, -2.658200
-8.478539, -8.626384, -2.579551
-8.587207, -8.537292, -2.663258
-8.532578, -8.555469, -2.610314
-8.586486, -8.464103, -2.661613
-8.594728, -8.493598, -2.606238
-8.465609, -8.542148, -2.660967
-8.502840, -8.547633, -2.599806
-8.482612, -8.458734, -2.648723
-8.484456, -8.463865, -2.610708
